skill_slug,skill_name,category,city,experience,client_type,pkr_low,pkr_mid,pkr_high,usd_low,usd_mid,usd_high,source_count,confidence_score,source_notes,last_updated
web-dev,Web Dev,Development,remote,junior,local,500,1000,1500,1.79,3.57,5.36,4,80,"Normalized from GPT/Gemini/Kimi research supplied on 2026-05-28; reconciled against PASHA salary survey, Upwork Pakistan developer pages, Indeed Pakistan salary pages, and local market proxies. Source count/confidence capped to avoid inflated AI-reported counts. Sources: https://www.pasha.org.pk/publications/salary-survey-2024-2025/ | https://www.upwork.com/resources/upwork-hourly-rates | https://pk.indeed.com/",2026-05-28
web-dev,Web Dev,Development,remote,junior,foreign,2800,4200,7000,10,15,25,4,80,"Normalized from GPT/Gemini/Kimi research supplied on 2026-05-28; reconciled against PASHA salary survey, Upwork Pakistan developer pages, Indeed Pakistan salary pages, and local market proxies. Source count/confidence capped to avoid inflated AI-reported counts. Sources: https://www.pasha.org.pk/publications/salary-survey-2024-2025/ | https://www.upwork.com/resources/upwork-hourly-rates | https://pk.indeed.com/",2026-05-28
web-dev,Web Dev,Development,remote,mid,local,1500,2500,4000,5.36,8.93,14.29,4,80,"Normalized from GPT/Gemini/Kimi research supplied on 2026-05-28; reconciled against PASHA salary survey, Upwork Pakistan developer pages, Indeed Pakistan salary pages, and local market proxies. Source count/confidence capped to avoid inflated AI-reported counts. Sources: https://www.pasha.org.pk/publications/salary-survey-2024-2025/ | https://www.upwork.com/resources/upwork-hourly-rates | https://pk.indeed.com/",2026-05-28
web-dev,Web Dev,Development,remote,mid,foreign,7000,11200,16800,25,40,60,4,80,"Normalized from GPT/Gemini/Kimi research supplied on 2026-05-28; reconciled against PASHA salary survey, Upwork Pakistan developer pages, Indeed Pakistan salary pages, and local market proxies. Source count/confidence capped to avoid inflated AI-reported counts. Sources: https://www.pasha.org.pk/publications/salary-survey-2024-2025/ | https://www.upwork.com/resources/upwork-hourly-rates | https://pk.indeed.com/",2026-05-28
web-dev,Web Dev,Development,remote,senior,local,4000,6000,8500,14.29,21.43,30.36,4,80,"Normalized from GPT/Gemini/Kimi research supplied on 2026-05-28; reconciled against PASHA salary survey, Upwork Pakistan developer pages, Indeed Pakistan salary pages, and local market proxies. Source count/confidence capped to avoid inflated AI-reported counts. Sources: https://www.pasha.org.pk/publications/salary-survey-2024-2025/ | https://www.upwork.com/resources/upwork-hourly-rates | https://pk.indeed.com/",2026-05-28
web-dev,Web Dev,Development,remote,senior,foreign,15400,23520,33600,55,84,120,4,80,"Normalized from GPT/Gemini/Kimi research supplied on 2026-05-28; reconciled against PASHA salary survey, Upwork Pakistan developer pages, Indeed Pakistan salary pages, and local market proxies. Source count/confidence capped to avoid inflated AI-reported counts. Sources: https://www.pasha.org.pk/publications/salary-survey-2024-2025/ | https://www.upwork.com/resources/upwork-hourly-rates | https://pk.indeed.com/",2026-05-28
frontend-dev,Frontend Dev,Development,remote,junior,local,550,1050,1600,1.96,3.75,5.71,4,80,"Normalized from GPT/Gemini/Kimi research supplied on 2026-05-28; reconciled against PASHA salary survey, Upwork Pakistan developer pages, Indeed Pakistan salary pages, and local market proxies. Source count/confidence capped to avoid inflated AI-reported counts. Sources: https://www.pasha.org.pk/publications/salary-survey-2024-2025/ | https://www.upwork.com/resources/upwork-hourly-rates | https://pk.indeed.com/",2026-05-28
frontend-dev,Frontend Dev,Development,remote,junior,foreign,2520,3920,6720,9,14,24,4,80,"Normalized from GPT/Gemini/Kimi research supplied on 2026-05-28; reconciled against PASHA salary survey, Upwork Pakistan developer pages, Indeed Pakistan salary pages, and local market proxies. Source count/confidence capped to avoid inflated AI-reported counts. Sources: https://www.pasha.org.pk/publications/salary-survey-2024-2025/ | https://www.upwork.com/resources/upwork-hourly-rates | https://pk.indeed.com/",2026-05-28
frontend-dev,Frontend Dev,Development,remote,mid,local,1600,2650,4200,5.71,9.46,15,4,80,"Normalized from GPT/Gemini/Kimi research supplied on 2026-05-28; reconciled against PASHA salary survey, Upwork Pakistan developer pages, Indeed Pakistan salary pages, and local market proxies. Source count/confidence capped to avoid inflated AI-reported counts. Sources: https://www.pasha.org.pk/publications/salary-survey-2024-2025/ | https://www.upwork.com/resources/upwork-hourly-rates | https://pk.indeed.com/",2026-05-28
frontend-dev,Frontend Dev,Development,remote,mid,foreign,6720,10640,15960,24,38,57,4,80,"Normalized from GPT/Gemini/Kimi research supplied on 2026-05-28; reconciled against PASHA salary survey, Upwork Pakistan developer pages, Indeed Pakistan salary pages, and local market proxies. Source count/confidence capped to avoid inflated AI-reported counts. Sources: https://www.pasha.org.pk/publications/salary-survey-2024-2025/ | https://www.upwork.com/resources/upwork-hourly-rates | https://pk.indeed.com/",2026-05-28
frontend-dev,Frontend Dev,Development,remote,senior,local,4200,6300,8950,15,22.5,31.96,4,80,"Normalized from GPT/Gemini/Kimi research supplied on 2026-05-28; reconciled against PASHA salary survey, Upwork Pakistan developer pages, Indeed Pakistan salary pages, and local market proxies. Source count/confidence capped to avoid inflated AI-reported counts. Sources: https://www.pasha.org.pk/publications/salary-survey-2024-2025/ | https://www.upwork.com/resources/upwork-hourly-rates | https://pk.indeed.com/",2026-05-28
frontend-dev,Frontend Dev,Development,remote,senior,foreign,14560,22400,31920,52,80,114,4,80,"Normalized from GPT/Gemini/Kimi research supplied on 2026-05-28; reconciled against PASHA salary survey, Upwork Pakistan developer pages, Indeed Pakistan salary pages, and local market proxies. Source count/confidence capped to avoid inflated AI-reported counts. Sources: https://www.pasha.org.pk/publications/salary-survey-2024-2025/ | https://www.upwork.com/resources/upwork-hourly-rates | https://pk.indeed.com/",2026-05-28
backend-dev,Backend Dev,Development,remote,junior,local,550,1100,1700,1.96,3.93,6.07,4,80,"Normalized from GPT/Gemini/Kimi research supplied on 2026-05-28; reconciled against PASHA salary survey, Upwork Pakistan developer pages, Indeed Pakistan salary pages, and local market proxies. Source count/confidence capped to avoid inflated AI-reported counts. Sources: https://www.pasha.org.pk/publications/salary-survey-2024-2025/ | https://www.upwork.com/resources/upwork-hourly-rates | https://pk.indeed.com/",2026-05-28
backend-dev,Backend Dev,Development,remote,junior,foreign,2800,4480,7560,10,16,27,4,80,"Normalized from GPT/Gemini/Kimi research supplied on 2026-05-28; reconciled against PASHA salary survey, Upwork Pakistan developer pages, Indeed Pakistan salary pages, and local market proxies. Source count/confidence capped to avoid inflated AI-reported counts. Sources: https://www.pasha.org.pk/publications/salary-survey-2024-2025/ | https://www.upwork.com/resources/upwork-hourly-rates | https://pk.indeed.com/",2026-05-28
backend-dev,Backend Dev,Development,remote,mid,local,1700,2800,4500,6.07,10,16.07,4,80,"Normalized from GPT/Gemini/Kimi research supplied on 2026-05-28; reconciled against PASHA salary survey, Upwork Pakistan developer pages, Indeed Pakistan salary pages, and local market proxies. Source count/confidence capped to avoid inflated AI-reported counts. Sources: https://www.pasha.org.pk/publications/salary-survey-2024-2025/ | https://www.upwork.com/resources/upwork-hourly-rates | https://pk.indeed.com/",2026-05-28
backend-dev,Backend Dev,Development,remote,mid,foreign,7560,12040,18200,27,43,65,4,80,"Normalized from GPT/Gemini/Kimi research supplied on 2026-05-28; reconciled against PASHA salary survey, Upwork Pakistan developer pages, Indeed Pakistan salary pages, and local market proxies. Source count/confidence capped to avoid inflated AI-reported counts. Sources: https://www.pasha.org.pk/publications/salary-survey-2024-2025/ | https://www.upwork.com/resources/upwork-hourly-rates | https://pk.indeed.com/",2026-05-28
backend-dev,Backend Dev,Development,remote,senior,local,4500,6700,9500,16.07,23.93,33.93,4,80,"Normalized from GPT/Gemini/Kimi research supplied on 2026-05-28; reconciled against PASHA salary survey, Upwork Pakistan developer pages, Indeed Pakistan salary pages, and local market proxies. Source count/confidence capped to avoid inflated AI-reported counts. Sources: https://www.pasha.org.pk/publications/salary-survey-2024-2025/ | https://www.upwork.com/resources/upwork-hourly-rates | https://pk.indeed.com/",2026-05-28
backend-dev,Backend Dev,Development,remote,senior,foreign,16520,25480,36400,59,91,130,4,80,"Normalized from GPT/Gemini/Kimi research supplied on 2026-05-28; reconciled against PASHA salary survey, Upwork Pakistan developer pages, Indeed Pakistan salary pages, and local market proxies. Source count/confidence capped to avoid inflated AI-reported counts. Sources: https://www.pasha.org.pk/publications/salary-survey-2024-2025/ | https://www.upwork.com/resources/upwork-hourly-rates | https://pk.indeed.com/",2026-05-28
full-stack,Full Stack,Development,remote,junior,local,600,1200,1750,2.14,4.29,6.25,4,80,"Normalized from GPT/Gemini/Kimi research supplied on 2026-05-28; reconciled against PASHA salary survey, Upwork Pakistan developer pages, Indeed Pakistan salary pages, and local market proxies. Source count/confidence capped to avoid inflated AI-reported counts. Sources: https://www.pasha.org.pk/publications/salary-survey-2024-2025/ | https://www.upwork.com/resources/upwork-hourly-rates | https://pk.indeed.com/",2026-05-28
full-stack,Full Stack,Development,remote,junior,foreign,3080,4760,8120,11,17,29,4,80,"Normalized from GPT/Gemini/Kimi research supplied on 2026-05-28; reconciled against PASHA salary survey, Upwork Pakistan developer pages, Indeed Pakistan salary pages, and local market proxies. Source count/confidence capped to avoid inflated AI-reported counts. Sources: https://www.pasha.org.pk/publications/salary-survey-2024-2025/ | https://www.upwork.com/resources/upwork-hourly-rates | https://pk.indeed.com/",2026-05-28
full-stack,Full Stack,Development,remote,mid,local,1750,2950,4700,6.25,10.54,16.79,4,80,"Normalized from GPT/Gemini/Kimi research supplied on 2026-05-28; reconciled against PASHA salary survey, Upwork Pakistan developer pages, Indeed Pakistan salary pages, and local market proxies. Source count/confidence capped to avoid inflated AI-reported counts. Sources: https://www.pasha.org.pk/publications/salary-survey-2024-2025/ | https://www.upwork.com/resources/upwork-hourly-rates | https://pk.indeed.com/",2026-05-28
full-stack,Full Stack,Development,remote,mid,foreign,8120,12880,19320,29,46,69,4,80,"Normalized from GPT/Gemini/Kimi research supplied on 2026-05-28; reconciled against PASHA salary survey, Upwork Pakistan developer pages, Indeed Pakistan salary pages, and local market proxies. Source count/confidence capped to avoid inflated AI-reported counts. Sources: https://www.pasha.org.pk/publications/salary-survey-2024-2025/ | https://www.upwork.com/resources/upwork-hourly-rates | https://pk.indeed.com/",2026-05-28
full-stack,Full Stack,Development,remote,senior,local,4700,7100,10050,16.79,25.36,35.89,4,80,"Normalized from GPT/Gemini/Kimi research supplied on 2026-05-28; reconciled against PASHA salary survey, Upwork Pakistan developer pages, Indeed Pakistan salary pages, and local market proxies. Source count/confidence capped to avoid inflated AI-reported counts. Sources: https://www.pasha.org.pk/publications/salary-survey-2024-2025/ | https://www.upwork.com/resources/upwork-hourly-rates | https://pk.indeed.com/",2026-05-28
full-stack,Full Stack,Development,remote,senior,foreign,16520,25480,36400,59,91,130,4,80,"Normalized from GPT/Gemini/Kimi research supplied on 2026-05-28; reconciled against PASHA salary survey, Upwork Pakistan developer pages, Indeed Pakistan salary pages, and local market proxies. Source count/confidence capped to avoid inflated AI-reported counts. Sources: https://www.pasha.org.pk/publications/salary-survey-2024-2025/ | https://www.upwork.com/resources/upwork-hourly-rates | https://pk.indeed.com/",2026-05-28
mobile-dev-react-native,Mobile Dev (React Native),Development,remote,junior,local,550,1100,1700,1.96,3.93,6.07,4,76,"Normalized from GPT/Gemini/Kimi research supplied on 2026-05-28; reconciled against PASHA salary survey, Upwork Pakistan developer pages, Indeed Pakistan salary pages, and local market proxies. Source count/confidence capped to avoid inflated AI-reported counts. Sources: https://www.pasha.org.pk/publications/salary-survey-2024-2025/ | https://www.upwork.com/resources/upwork-hourly-rates | https://pk.indeed.com/",2026-05-28
mobile-dev-react-native,Mobile Dev (React Native),Development,remote,junior,foreign,2800,4480,7560,10,16,27,4,76,"Normalized from GPT/Gemini/Kimi research supplied on 2026-05-28; reconciled against PASHA salary survey, Upwork Pakistan developer pages, Indeed Pakistan salary pages, and local market proxies. Source count/confidence capped to avoid inflated AI-reported counts. Sources: https://www.pasha.org.pk/publications/salary-survey-2024-2025/ | https://www.upwork.com/resources/upwork-hourly-rates | https://pk.indeed.com/",2026-05-28
mobile-dev-react-native,Mobile Dev (React Native),Development,remote,mid,local,1700,2800,4500,6.07,10,16.07,4,76,"Normalized from GPT/Gemini/Kimi research supplied on 2026-05-28; reconciled against PASHA salary survey, Upwork Pakistan developer pages, Indeed Pakistan salary pages, and local market proxies. Source count/confidence capped to avoid inflated AI-reported counts. Sources: https://www.pasha.org.pk/publications/salary-survey-2024-2025/ | https://www.upwork.com/resources/upwork-hourly-rates | https://pk.indeed.com/",2026-05-28
mobile-dev-react-native,Mobile Dev (React Native),Development,remote,mid,foreign,7560,12040,18200,27,43,65,4,76,"Normalized from GPT/Gemini/Kimi research supplied on 2026-05-28; reconciled against PASHA salary survey, Upwork Pakistan developer pages, Indeed Pakistan salary pages, and local market proxies. Source count/confidence capped to avoid inflated AI-reported counts. Sources: https://www.pasha.org.pk/publications/salary-survey-2024-2025/ | https://www.upwork.com/resources/upwork-hourly-rates | https://pk.indeed.com/",2026-05-28
mobile-dev-react-native,Mobile Dev (React Native),Development,remote,senior,local,4500,6700,9500,16.07,23.93,33.93,4,76,"Normalized from GPT/Gemini/Kimi research supplied on 2026-05-28; reconciled against PASHA salary survey, Upwork Pakistan developer pages, Indeed Pakistan salary pages, and local market proxies. Source count/confidence capped to avoid inflated AI-reported counts. Sources: https://www.pasha.org.pk/publications/salary-survey-2024-2025/ | https://www.upwork.com/resources/upwork-hourly-rates | https://pk.indeed.com/",2026-05-28
mobile-dev-react-native,Mobile Dev (React Native),Development,remote,senior,foreign,16520,25480,36400,59,91,130,4,76,"Normalized from GPT/Gemini/Kimi research supplied on 2026-05-28; reconciled against PASHA salary survey, Upwork Pakistan developer pages, Indeed Pakistan salary pages, and local market proxies. Source count/confidence capped to avoid inflated AI-reported counts. Sources: https://www.pasha.org.pk/publications/salary-survey-2024-2025/ | https://www.upwork.com/resources/upwork-hourly-rates | https://pk.indeed.com/",2026-05-28
flutter-dev,Flutter Dev,Development,remote,junior,local,550,1100,1600,1.96,3.93,5.71,4,74,"Normalized from GPT/Gemini/Kimi research supplied on 2026-05-28; reconciled against PASHA salary survey, Upwork Pakistan developer pages, Indeed Pakistan salary pages, and local market proxies. Source count/confidence capped to avoid inflated AI-reported counts. Sources: https://www.pasha.org.pk/publications/salary-survey-2024-2025/ | https://www.upwork.com/resources/upwork-hourly-rates | https://pk.indeed.com/",2026-05-28
flutter-dev,Flutter Dev,Development,remote,junior,foreign,2800,4200,7280,10,15,26,4,74,"Normalized from GPT/Gemini/Kimi research supplied on 2026-05-28; reconciled against PASHA salary survey, Upwork Pakistan developer pages, Indeed Pakistan salary pages, and local market proxies. Source count/confidence capped to avoid inflated AI-reported counts. Sources: https://www.pasha.org.pk/publications/salary-survey-2024-2025/ | https://www.upwork.com/resources/upwork-hourly-rates | https://pk.indeed.com/",2026-05-28
flutter-dev,Flutter Dev,Development,remote,mid,local,1600,2700,4300,5.71,9.64,15.36,4,74,"Normalized from GPT/Gemini/Kimi research supplied on 2026-05-28; reconciled against PASHA salary survey, Upwork Pakistan developer pages, Indeed Pakistan salary pages, and local market proxies. Source count/confidence capped to avoid inflated AI-reported counts. Sources: https://www.pasha.org.pk/publications/salary-survey-2024-2025/ | https://www.upwork.com/resources/upwork-hourly-rates | https://pk.indeed.com/",2026-05-28
flutter-dev,Flutter Dev,Development,remote,mid,foreign,7280,11480,17080,26,41,61,4,74,"Normalized from GPT/Gemini/Kimi research supplied on 2026-05-28; reconciled against PASHA salary survey, Upwork Pakistan developer pages, Indeed Pakistan salary pages, and local market proxies. Source count/confidence capped to avoid inflated AI-reported counts. Sources: https://www.pasha.org.pk/publications/salary-survey-2024-2025/ | https://www.upwork.com/resources/upwork-hourly-rates | https://pk.indeed.com/",2026-05-28
flutter-dev,Flutter Dev,Development,remote,senior,local,4300,6500,9200,15.36,23.21,32.86,4,74,"Normalized from GPT/Gemini/Kimi research supplied on 2026-05-28; reconciled against PASHA salary survey, Upwork Pakistan developer pages, Indeed Pakistan salary pages, and local market proxies. Source count/confidence capped to avoid inflated AI-reported counts. Sources: https://www.pasha.org.pk/publications/salary-survey-2024-2025/ | https://www.upwork.com/resources/upwork-hourly-rates | https://pk.indeed.com/",2026-05-28
flutter-dev,Flutter Dev,Development,remote,senior,foreign,15400,23800,34160,55,85,122,4,74,"Normalized from GPT/Gemini/Kimi research supplied on 2026-05-28; reconciled against PASHA salary survey, Upwork Pakistan developer pages, Indeed Pakistan salary pages, and local market proxies. Source count/confidence capped to avoid inflated AI-reported counts. Sources: https://www.pasha.org.pk/publications/salary-survey-2024-2025/ | https://www.upwork.com/resources/upwork-hourly-rates | https://pk.indeed.com/",2026-05-28
wordpress-dev,WordPress Dev,Development,remote,junior,local,350,700,1100,1.25,2.5,3.93,4,78,"Normalized from GPT/Gemini/Kimi research supplied on 2026-05-28; reconciled against PASHA salary survey, Upwork Pakistan developer pages, Indeed Pakistan salary pages, and local market proxies. Source count/confidence capped to avoid inflated AI-reported counts. Sources: https://www.pasha.org.pk/publications/salary-survey-2024-2025/ | https://www.upwork.com/resources/upwork-hourly-rates | https://pk.indeed.com/",2026-05-28
wordpress-dev,WordPress Dev,Development,remote,junior,foreign,1960,2800,4480,7,10,16,4,78,"Normalized from GPT/Gemini/Kimi research supplied on 2026-05-28; reconciled against PASHA salary survey, Upwork Pakistan developer pages, Indeed Pakistan salary pages, and local market proxies. Source count/confidence capped to avoid inflated AI-reported counts. Sources: https://www.pasha.org.pk/publications/salary-survey-2024-2025/ | https://www.upwork.com/resources/upwork-hourly-rates | https://pk.indeed.com/",2026-05-28
wordpress-dev,WordPress Dev,Development,remote,mid,local,1100,1800,2900,3.93,6.43,10.36,4,78,"Normalized from GPT/Gemini/Kimi research supplied on 2026-05-28; reconciled against PASHA salary survey, Upwork Pakistan developer pages, Indeed Pakistan salary pages, and local market proxies. Source count/confidence capped to avoid inflated AI-reported counts. Sources: https://www.pasha.org.pk/publications/salary-survey-2024-2025/ | https://www.upwork.com/resources/upwork-hourly-rates | https://pk.indeed.com/",2026-05-28
wordpress-dev,WordPress Dev,Development,remote,mid,foreign,4480,7280,10920,16,26,39,4,78,"Normalized from GPT/Gemini/Kimi research supplied on 2026-05-28; reconciled against PASHA salary survey, Upwork Pakistan developer pages, Indeed Pakistan salary pages, and local market proxies. Source count/confidence capped to avoid inflated AI-reported counts. Sources: https://www.pasha.org.pk/publications/salary-survey-2024-2025/ | https://www.upwork.com/resources/upwork-hourly-rates | https://pk.indeed.com/",2026-05-28
wordpress-dev,WordPress Dev,Development,remote,senior,local,2900,4300,6100,10.36,15.36,21.79,4,78,"Normalized from GPT/Gemini/Kimi research supplied on 2026-05-28; reconciled against PASHA salary survey, Upwork Pakistan developer pages, Indeed Pakistan salary pages, and local market proxies. Source count/confidence capped to avoid inflated AI-reported counts. Sources: https://www.pasha.org.pk/publications/salary-survey-2024-2025/ | https://www.upwork.com/resources/upwork-hourly-rates | https://pk.indeed.com/",2026-05-28
wordpress-dev,WordPress Dev,Development,remote,senior,foreign,10080,15400,21840,36,55,78,4,78,"Normalized from GPT/Gemini/Kimi research supplied on 2026-05-28; reconciled against PASHA salary survey, Upwork Pakistan developer pages, Indeed Pakistan salary pages, and local market proxies. Source count/confidence capped to avoid inflated AI-reported counts. Sources: https://www.pasha.org.pk/publications/salary-survey-2024-2025/ | https://www.upwork.com/resources/upwork-hourly-rates | https://pk.indeed.com/",2026-05-28
shopify-dev,Shopify Dev,Development,remote,junior,local,500,950,1450,1.79,3.39,5.18,4,76,"Normalized from GPT/Gemini/Kimi research supplied on 2026-05-28; reconciled against PASHA salary survey, Upwork Pakistan developer pages, Indeed Pakistan salary pages, and local market proxies. Source count/confidence capped to avoid inflated AI-reported counts. Sources: https://www.pasha.org.pk/publications/salary-survey-2024-2025/ | https://www.upwork.com/resources/upwork-hourly-rates | https://pk.indeed.com/",2026-05-28
shopify-dev,Shopify Dev,Development,remote,junior,foreign,2520,3920,6720,9,14,24,4,76,"Normalized from GPT/Gemini/Kimi research supplied on 2026-05-28; reconciled against PASHA salary survey, Upwork Pakistan developer pages, Indeed Pakistan salary pages, and local market proxies. Source count/confidence capped to avoid inflated AI-reported counts. Sources: https://www.pasha.org.pk/publications/salary-survey-2024-2025/ | https://www.upwork.com/resources/upwork-hourly-rates | https://pk.indeed.com/",2026-05-28
shopify-dev,Shopify Dev,Development,remote,mid,local,1450,2400,3800,5.18,8.57,13.57,4,76,"Normalized from GPT/Gemini/Kimi research supplied on 2026-05-28; reconciled against PASHA salary survey, Upwork Pakistan developer pages, Indeed Pakistan salary pages, and local market proxies. Source count/confidence capped to avoid inflated AI-reported counts. Sources: https://www.pasha.org.pk/publications/salary-survey-2024-2025/ | https://www.upwork.com/resources/upwork-hourly-rates | https://pk.indeed.com/",2026-05-28
shopify-dev,Shopify Dev,Development,remote,mid,foreign,6720,10640,15960,24,38,57,4,76,"Normalized from GPT/Gemini/Kimi research supplied on 2026-05-28; reconciled against PASHA salary survey, Upwork Pakistan developer pages, Indeed Pakistan salary pages, and local market proxies. Source count/confidence capped to avoid inflated AI-reported counts. Sources: https://www.pasha.org.pk/publications/salary-survey-2024-2025/ | https://www.upwork.com/resources/upwork-hourly-rates | https://pk.indeed.com/",2026-05-28
shopify-dev,Shopify Dev,Development,remote,senior,local,3800,5700,8100,13.57,20.36,28.93,4,76,"Normalized from GPT/Gemini/Kimi research supplied on 2026-05-28; reconciled against PASHA salary survey, Upwork Pakistan developer pages, Indeed Pakistan salary pages, and local market proxies. Source count/confidence capped to avoid inflated AI-reported counts. Sources: https://www.pasha.org.pk/publications/salary-survey-2024-2025/ | https://www.upwork.com/resources/upwork-hourly-rates | https://pk.indeed.com/",2026-05-28
shopify-dev,Shopify Dev,Development,remote,senior,foreign,14560,22400,31920,52,80,114,4,76,"Normalized from GPT/Gemini/Kimi research supplied on 2026-05-28; reconciled against PASHA salary survey, Upwork Pakistan developer pages, Indeed Pakistan salary pages, and local market proxies. Source count/confidence capped to avoid inflated AI-reported counts. Sources: https://www.pasha.org.pk/publications/salary-survey-2024-2025/ | https://www.upwork.com/resources/upwork-hourly-rates | https://pk.indeed.com/",2026-05-28
python-dev,Python Dev,Development,remote,junior,local,550,1100,1650,1.96,3.93,5.89,4,78,"Normalized from GPT/Gemini/Kimi research supplied on 2026-05-28; reconciled against PASHA salary survey, Upwork Pakistan developer pages, Indeed Pakistan salary pages, and local market proxies. Source count/confidence capped to avoid inflated AI-reported counts. Sources: https://www.pasha.org.pk/publications/salary-survey-2024-2025/ | https://www.upwork.com/resources/upwork-hourly-rates | https://pk.indeed.com/",2026-05-28
python-dev,Python Dev,Development,remote,junior,foreign,2800,4480,7280,10,16,26,4,78,"Normalized from GPT/Gemini/Kimi research supplied on 2026-05-28; reconciled against PASHA salary survey, Upwork Pakistan developer pages, Indeed Pakistan salary pages, and local market proxies. Source count/confidence capped to avoid inflated AI-reported counts. Sources: https://www.pasha.org.pk/publications/salary-survey-2024-2025/ | https://www.upwork.com/resources/upwork-hourly-rates | https://pk.indeed.com/",2026-05-28
python-dev,Python Dev,Development,remote,mid,local,1650,2750,4400,5.89,9.82,15.71,4,78,"Normalized from GPT/Gemini/Kimi research supplied on 2026-05-28; reconciled against PASHA salary survey, Upwork Pakistan developer pages, Indeed Pakistan salary pages, and local market proxies. Source count/confidence capped to avoid inflated AI-reported counts. Sources: https://www.pasha.org.pk/publications/salary-survey-2024-2025/ | https://www.upwork.com/resources/upwork-hourly-rates | https://pk.indeed.com/",2026-05-28
python-dev,Python Dev,Development,remote,mid,foreign,7280,11760,17640,26,42,63,4,78,"Normalized from GPT/Gemini/Kimi research supplied on 2026-05-28; reconciled against PASHA salary survey, Upwork Pakistan developer pages, Indeed Pakistan salary pages, and local market proxies. Source count/confidence capped to avoid inflated AI-reported counts. Sources: https://www.pasha.org.pk/publications/salary-survey-2024-2025/ | https://www.upwork.com/resources/upwork-hourly-rates | https://pk.indeed.com/",2026-05-28
python-dev,Python Dev,Development,remote,senior,local,4400,6600,9350,15.71,23.57,33.39,4,78,"Normalized from GPT/Gemini/Kimi research supplied on 2026-05-28; reconciled against PASHA salary survey, Upwork Pakistan developer pages, Indeed Pakistan salary pages, and local market proxies. Source count/confidence capped to avoid inflated AI-reported counts. Sources: https://www.pasha.org.pk/publications/salary-survey-2024-2025/ | https://www.upwork.com/resources/upwork-hourly-rates | https://pk.indeed.com/",2026-05-28
python-dev,Python Dev,Development,remote,senior,foreign,15960,24640,35280,57,88,126,4,78,"Normalized from GPT/Gemini/Kimi research supplied on 2026-05-28; reconciled against PASHA salary survey, Upwork Pakistan developer pages, Indeed Pakistan salary pages, and local market proxies. Source count/confidence capped to avoid inflated AI-reported counts. Sources: https://www.pasha.org.pk/publications/salary-survey-2024-2025/ | https://www.upwork.com/resources/upwork-hourly-rates | https://pk.indeed.com/",2026-05-28
nodejs-dev,Node.js Dev,Development,remote,junior,local,550,1100,1600,1.96,3.93,5.71,4,76,"Normalized from GPT/Gemini/Kimi research supplied on 2026-05-28; reconciled against PASHA salary survey, Upwork Pakistan developer pages, Indeed Pakistan salary pages, and local market proxies. Source count/confidence capped to avoid inflated AI-reported counts. Sources: https://www.pasha.org.pk/publications/salary-survey-2024-2025/ | https://www.upwork.com/resources/upwork-hourly-rates | https://pk.indeed.com/",2026-05-28
nodejs-dev,Node.js Dev,Development,remote,junior,foreign,2800,4480,7280,10,16,26,4,76,"Normalized from GPT/Gemini/Kimi research supplied on 2026-05-28; reconciled against PASHA salary survey, Upwork Pakistan developer pages, Indeed Pakistan salary pages, and local market proxies. Source count/confidence capped to avoid inflated AI-reported counts. Sources: https://www.pasha.org.pk/publications/salary-survey-2024-2025/ | https://www.upwork.com/resources/upwork-hourly-rates | https://pk.indeed.com/",2026-05-28
nodejs-dev,Node.js Dev,Development,remote,mid,local,1600,2700,4300,5.71,9.64,15.36,4,76,"Normalized from GPT/Gemini/Kimi research supplied on 2026-05-28; reconciled against PASHA salary survey, Upwork Pakistan developer pages, Indeed Pakistan salary pages, and local market proxies. Source count/confidence capped to avoid inflated AI-reported counts. Sources: https://www.pasha.org.pk/publications/salary-survey-2024-2025/ | https://www.upwork.com/resources/upwork-hourly-rates | https://pk.indeed.com/",2026-05-28
nodejs-dev,Node.js Dev,Development,remote,mid,foreign,7280,11760,17640,26,42,63,4,76,"Normalized from GPT/Gemini/Kimi research supplied on 2026-05-28; reconciled against PASHA salary survey, Upwork Pakistan developer pages, Indeed Pakistan salary pages, and local market proxies. Source count/confidence capped to avoid inflated AI-reported counts. Sources: https://www.pasha.org.pk/publications/salary-survey-2024-2025/ | https://www.upwork.com/resources/upwork-hourly-rates | https://pk.indeed.com/",2026-05-28
nodejs-dev,Node.js Dev,Development,remote,senior,local,4300,6500,9200,15.36,23.21,32.86,4,76,"Normalized from GPT/Gemini/Kimi research supplied on 2026-05-28; reconciled against PASHA salary survey, Upwork Pakistan developer pages, Indeed Pakistan salary pages, and local market proxies. Source count/confidence capped to avoid inflated AI-reported counts. Sources: https://www.pasha.org.pk/publications/salary-survey-2024-2025/ | https://www.upwork.com/resources/upwork-hourly-rates | https://pk.indeed.com/",2026-05-28
nodejs-dev,Node.js Dev,Development,remote,senior,foreign,15960,24640,35280,57,88,126,4,76,"Normalized from GPT/Gemini/Kimi research supplied on 2026-05-28; reconciled against PASHA salary survey, Upwork Pakistan developer pages, Indeed Pakistan salary pages, and local market proxies. Source count/confidence capped to avoid inflated AI-reported counts. Sources: https://www.pasha.org.pk/publications/salary-survey-2024-2025/ | https://www.upwork.com/resources/upwork-hourly-rates | https://pk.indeed.com/",2026-05-28
php-dev,PHP Dev,Development,remote,junior,local,400,800,1150,1.43,2.86,4.11,4,76,"Normalized from GPT/Gemini/Kimi research supplied on 2026-05-28; reconciled against PASHA salary survey, Upwork Pakistan developer pages, Indeed Pakistan salary pages, and local market proxies. Source count/confidence capped to avoid inflated AI-reported counts. Sources: https://www.pasha.org.pk/publications/salary-survey-2024-2025/ | https://www.upwork.com/resources/upwork-hourly-rates | https://pk.indeed.com/",2026-05-28
php-dev,PHP Dev,Development,remote,junior,foreign,1960,3080,5320,7,11,19,4,76,"Normalized from GPT/Gemini/Kimi research supplied on 2026-05-28; reconciled against PASHA salary survey, Upwork Pakistan developer pages, Indeed Pakistan salary pages, and local market proxies. Source count/confidence capped to avoid inflated AI-reported counts. Sources: https://www.pasha.org.pk/publications/salary-survey-2024-2025/ | https://www.upwork.com/resources/upwork-hourly-rates | https://pk.indeed.com/",2026-05-28
php-dev,PHP Dev,Development,remote,mid,local,1150,1950,3100,4.11,6.96,11.07,4,76,"Normalized from GPT/Gemini/Kimi research supplied on 2026-05-28; reconciled against PASHA salary survey, Upwork Pakistan developer pages, Indeed Pakistan salary pages, and local market proxies. Source count/confidence capped to avoid inflated AI-reported counts. Sources: https://www.pasha.org.pk/publications/salary-survey-2024-2025/ | https://www.upwork.com/resources/upwork-hourly-rates | https://pk.indeed.com/",2026-05-28
php-dev,PHP Dev,Development,remote,mid,foreign,5320,8400,12600,19,30,45,4,76,"Normalized from GPT/Gemini/Kimi research supplied on 2026-05-28; reconciled against PASHA salary survey, Upwork Pakistan developer pages, Indeed Pakistan salary pages, and local market proxies. Source count/confidence capped to avoid inflated AI-reported counts. Sources: https://www.pasha.org.pk/publications/salary-survey-2024-2025/ | https://www.upwork.com/resources/upwork-hourly-rates | https://pk.indeed.com/",2026-05-28
php-dev,PHP Dev,Development,remote,senior,local,3100,4700,6650,11.07,16.79,23.75,4,76,"Normalized from GPT/Gemini/Kimi research supplied on 2026-05-28; reconciled against PASHA salary survey, Upwork Pakistan developer pages, Indeed Pakistan salary pages, and local market proxies. Source count/confidence capped to avoid inflated AI-reported counts. Sources: https://www.pasha.org.pk/publications/salary-survey-2024-2025/ | https://www.upwork.com/resources/upwork-hourly-rates | https://pk.indeed.com/",2026-05-28
php-dev,PHP Dev,Development,remote,senior,foreign,11480,17640,25200,41,63,90,4,76,"Normalized from GPT/Gemini/Kimi research supplied on 2026-05-28; reconciled against PASHA salary survey, Upwork Pakistan developer pages, Indeed Pakistan salary pages, and local market proxies. Source count/confidence capped to avoid inflated AI-reported counts. Sources: https://www.pasha.org.pk/publications/salary-survey-2024-2025/ | https://www.upwork.com/resources/upwork-hourly-rates | https://pk.indeed.com/",2026-05-28
devops-cloud,DevOps / Cloud,Development,remote,junior,local,700,1350,2050,2.5,4.82,7.32,4,74,"Normalized from GPT/Gemini/Kimi research supplied on 2026-05-28; reconciled against PASHA salary survey, Upwork Pakistan developer pages, Indeed Pakistan salary pages, and local market proxies. Source count/confidence capped to avoid inflated AI-reported counts. Sources: https://www.pasha.org.pk/publications/salary-survey-2024-2025/ | https://www.upwork.com/resources/upwork-hourly-rates | https://pk.indeed.com/",2026-05-28
devops-cloud,DevOps / Cloud,Development,remote,junior,foreign,3360,5320,8680,12,19,31,4,74,"Normalized from GPT/Gemini/Kimi research supplied on 2026-05-28; reconciled against PASHA salary survey, Upwork Pakistan developer pages, Indeed Pakistan salary pages, and local market proxies. Source count/confidence capped to avoid inflated AI-reported counts. Sources: https://www.pasha.org.pk/publications/salary-survey-2024-2025/ | https://www.upwork.com/resources/upwork-hourly-rates | https://pk.indeed.com/",2026-05-28
devops-cloud,DevOps / Cloud,Development,remote,mid,local,2050,3400,5400,7.32,12.14,19.29,4,74,"Normalized from GPT/Gemini/Kimi research supplied on 2026-05-28; reconciled against PASHA salary survey, Upwork Pakistan developer pages, Indeed Pakistan salary pages, and local market proxies. Source count/confidence capped to avoid inflated AI-reported counts. Sources: https://www.pasha.org.pk/publications/salary-survey-2024-2025/ | https://www.upwork.com/resources/upwork-hourly-rates | https://pk.indeed.com/",2026-05-28
devops-cloud,DevOps / Cloud,Development,remote,mid,foreign,8680,14000,21000,31,50,75,4,74,"Normalized from GPT/Gemini/Kimi research supplied on 2026-05-28; reconciled against PASHA salary survey, Upwork Pakistan developer pages, Indeed Pakistan salary pages, and local market proxies. Source count/confidence capped to avoid inflated AI-reported counts. Sources: https://www.pasha.org.pk/publications/salary-survey-2024-2025/ | https://www.upwork.com/resources/upwork-hourly-rates | https://pk.indeed.com/",2026-05-28
devops-cloud,DevOps / Cloud,Development,remote,senior,local,5400,8100,11500,19.29,28.93,41.07,4,74,"Normalized from GPT/Gemini/Kimi research supplied on 2026-05-28; reconciled against PASHA salary survey, Upwork Pakistan developer pages, Indeed Pakistan salary pages, and local market proxies. Source count/confidence capped to avoid inflated AI-reported counts. Sources: https://www.pasha.org.pk/publications/salary-survey-2024-2025/ | https://www.upwork.com/resources/upwork-hourly-rates | https://pk.indeed.com/",2026-05-28
devops-cloud,DevOps / Cloud,Development,remote,senior,foreign,16520,25480,36400,59,91,130,4,74,"Normalized from GPT/Gemini/Kimi research supplied on 2026-05-28; reconciled against PASHA salary survey, Upwork Pakistan developer pages, Indeed Pakistan salary pages, and local market proxies. Source count/confidence capped to avoid inflated AI-reported counts. Sources: https://www.pasha.org.pk/publications/salary-survey-2024-2025/ | https://www.upwork.com/resources/upwork-hourly-rates | https://pk.indeed.com/",2026-05-28
ui-ux-design,UI/UX Design,Design,remote,junior,local,350,700,1200,1.25,2.5,4.29,4,78,"Normalized from GPT/Gemini/Kimi research supplied on 2026-05-28; reconciled against Upwork Pakistan design pages, Indeed Pakistan design salaries, Skills360/market training signals, and local project-pricing proxies. Sources: https://www.upwork.com/hire/graphic-designers/pk/ | https://pk.indeed.com/ | https://skills360.com.pk/blogs/5-benefits-of-taking-graphic-designing-course",2026-05-28
ui-ux-design,UI/UX Design,Design,remote,junior,foreign,1680,3080,5040,6,11,18,4,78,"Normalized from GPT/Gemini/Kimi research supplied on 2026-05-28; reconciled against Upwork Pakistan design pages, Indeed Pakistan design salaries, Skills360/market training signals, and local project-pricing proxies. Sources: https://www.upwork.com/hire/graphic-designers/pk/ | https://pk.indeed.com/ | https://skills360.com.pk/blogs/5-benefits-of-taking-graphic-designing-course",2026-05-28
ui-ux-design,UI/UX Design,Design,remote,mid,local,1200,2000,3300,4.29,7.14,11.79,4,78,"Normalized from GPT/Gemini/Kimi research supplied on 2026-05-28; reconciled against Upwork Pakistan design pages, Indeed Pakistan design salaries, Skills360/market training signals, and local project-pricing proxies. Sources: https://www.upwork.com/hire/graphic-designers/pk/ | https://pk.indeed.com/ | https://skills360.com.pk/blogs/5-benefits-of-taking-graphic-designing-course",2026-05-28
ui-ux-design,UI/UX Design,Design,remote,mid,foreign,4760,7840,12600,17,28,45,4,78,"Normalized from GPT/Gemini/Kimi research supplied on 2026-05-28; reconciled against Upwork Pakistan design pages, Indeed Pakistan design salaries, Skills360/market training signals, and local project-pricing proxies. Sources: https://www.upwork.com/hire/graphic-designers/pk/ | https://pk.indeed.com/ | https://skills360.com.pk/blogs/5-benefits-of-taking-graphic-designing-course",2026-05-28
ui-ux-design,UI/UX Design,Design,remote,senior,local,3300,5300,8250,11.79,18.93,29.46,4,78,"Normalized from GPT/Gemini/Kimi research supplied on 2026-05-28; reconciled against Upwork Pakistan design pages, Indeed Pakistan design salaries, Skills360/market training signals, and local project-pricing proxies. Sources: https://www.upwork.com/hire/graphic-designers/pk/ | https://pk.indeed.com/ | https://skills360.com.pk/blogs/5-benefits-of-taking-graphic-designing-course",2026-05-28
ui-ux-design,UI/UX Design,Design,remote,senior,foreign,10920,17360,26600,39,62,95,4,78,"Normalized from GPT/Gemini/Kimi research supplied on 2026-05-28; reconciled against Upwork Pakistan design pages, Indeed Pakistan design salaries, Skills360/market training signals, and local project-pricing proxies. Sources: https://www.upwork.com/hire/graphic-designers/pk/ | https://pk.indeed.com/ | https://skills360.com.pk/blogs/5-benefits-of-taking-graphic-designing-course",2026-05-28
graphic-design,Graphic Design,Design,remote,junior,local,300,600,1000,1.07,2.14,3.57,4,82,"Normalized from GPT/Gemini/Kimi research supplied on 2026-05-28; reconciled against Upwork Pakistan design pages, Indeed Pakistan design salaries, Skills360/market training signals, and local project-pricing proxies. Sources: https://www.upwork.com/hire/graphic-designers/pk/ | https://pk.indeed.com/ | https://skills360.com.pk/blogs/5-benefits-of-taking-graphic-designing-course",2026-05-28
graphic-design,Graphic Design,Design,remote,junior,foreign,1400,2800,4480,5,10,16,4,82,"Normalized from GPT/Gemini/Kimi research supplied on 2026-05-28; reconciled against Upwork Pakistan design pages, Indeed Pakistan design salaries, Skills360/market training signals, and local project-pricing proxies. Sources: https://www.upwork.com/hire/graphic-designers/pk/ | https://pk.indeed.com/ | https://skills360.com.pk/blogs/5-benefits-of-taking-graphic-designing-course",2026-05-28
graphic-design,Graphic Design,Design,remote,mid,local,1000,1700,2800,3.57,6.07,10,4,82,"Normalized from GPT/Gemini/Kimi research supplied on 2026-05-28; reconciled against Upwork Pakistan design pages, Indeed Pakistan design salaries, Skills360/market training signals, and local project-pricing proxies. Sources: https://www.upwork.com/hire/graphic-designers/pk/ | https://pk.indeed.com/ | https://skills360.com.pk/blogs/5-benefits-of-taking-graphic-designing-course",2026-05-28
graphic-design,Graphic Design,Design,remote,mid,foreign,4200,7000,11200,15,25,40,4,82,"Normalized from GPT/Gemini/Kimi research supplied on 2026-05-28; reconciled against Upwork Pakistan design pages, Indeed Pakistan design salaries, Skills360/market training signals, and local project-pricing proxies. Sources: https://www.upwork.com/hire/graphic-designers/pk/ | https://pk.indeed.com/ | https://skills360.com.pk/blogs/5-benefits-of-taking-graphic-designing-course",2026-05-28
graphic-design,Graphic Design,Design,remote,senior,local,2800,4500,7000,10,16.07,25,4,82,"Normalized from GPT/Gemini/Kimi research supplied on 2026-05-28; reconciled against Upwork Pakistan design pages, Indeed Pakistan design salaries, Skills360/market training signals, and local project-pricing proxies. Sources: https://www.upwork.com/hire/graphic-designers/pk/ | https://pk.indeed.com/ | https://skills360.com.pk/blogs/5-benefits-of-taking-graphic-designing-course",2026-05-28
graphic-design,Graphic Design,Design,remote,senior,foreign,9800,15400,23800,35,55,85,4,82,"Normalized from GPT/Gemini/Kimi research supplied on 2026-05-28; reconciled against Upwork Pakistan design pages, Indeed Pakistan design salaries, Skills360/market training signals, and local project-pricing proxies. Sources: https://www.upwork.com/hire/graphic-designers/pk/ | https://pk.indeed.com/ | https://skills360.com.pk/blogs/5-benefits-of-taking-graphic-designing-course",2026-05-28
logo-design,Logo Design,Design,remote,junior,local,250,500,850,0.89,1.79,3.04,4,72,"Normalized from GPT/Gemini/Kimi research supplied on 2026-05-28; reconciled against Upwork Pakistan design pages, Indeed Pakistan design salaries, Skills360/market training signals, and local project-pricing proxies. Sources: https://www.upwork.com/hire/graphic-designers/pk/ | https://pk.indeed.com/ | https://skills360.com.pk/blogs/5-benefits-of-taking-graphic-designing-course",2026-05-28
logo-design,Logo Design,Design,remote,junior,foreign,1120,2520,3920,4,9,14,4,72,"Normalized from GPT/Gemini/Kimi research supplied on 2026-05-28; reconciled against Upwork Pakistan design pages, Indeed Pakistan design salaries, Skills360/market training signals, and local project-pricing proxies. Sources: https://www.upwork.com/hire/graphic-designers/pk/ | https://pk.indeed.com/ | https://skills360.com.pk/blogs/5-benefits-of-taking-graphic-designing-course",2026-05-28
logo-design,Logo Design,Design,remote,mid,local,850,1450,2400,3.04,5.18,8.57,4,72,"Normalized from GPT/Gemini/Kimi research supplied on 2026-05-28; reconciled against Upwork Pakistan design pages, Indeed Pakistan design salaries, Skills360/market training signals, and local project-pricing proxies. Sources: https://www.upwork.com/hire/graphic-designers/pk/ | https://pk.indeed.com/ | https://skills360.com.pk/blogs/5-benefits-of-taking-graphic-designing-course",2026-05-28
logo-design,Logo Design,Design,remote,mid,foreign,3640,5880,9520,13,21,34,4,72,"Normalized from GPT/Gemini/Kimi research supplied on 2026-05-28; reconciled against Upwork Pakistan design pages, Indeed Pakistan design salaries, Skills360/market training signals, and local project-pricing proxies. Sources: https://www.upwork.com/hire/graphic-designers/pk/ | https://pk.indeed.com/ | https://skills360.com.pk/blogs/5-benefits-of-taking-graphic-designing-course",2026-05-28
logo-design,Logo Design,Design,remote,senior,local,2400,3850,5950,8.57,13.75,21.25,4,72,"Normalized from GPT/Gemini/Kimi research supplied on 2026-05-28; reconciled against Upwork Pakistan design pages, Indeed Pakistan design salaries, Skills360/market training signals, and local project-pricing proxies. Sources: https://www.upwork.com/hire/graphic-designers/pk/ | https://pk.indeed.com/ | https://skills360.com.pk/blogs/5-benefits-of-taking-graphic-designing-course",2026-05-28
logo-design,Logo Design,Design,remote,senior,foreign,8400,13160,20160,30,47,72,4,72,"Normalized from GPT/Gemini/Kimi research supplied on 2026-05-28; reconciled against Upwork Pakistan design pages, Indeed Pakistan design salaries, Skills360/market training signals, and local project-pricing proxies. Sources: https://www.upwork.com/hire/graphic-designers/pk/ | https://pk.indeed.com/ | https://skills360.com.pk/blogs/5-benefits-of-taking-graphic-designing-course",2026-05-28
brand-identity,Brand Identity,Design,remote,junior,local,350,650,1100,1.25,2.32,3.93,4,70,"Normalized from GPT/Gemini/Kimi research supplied on 2026-05-28; reconciled against Upwork Pakistan design pages, Indeed Pakistan design salaries, Skills360/market training signals, and local project-pricing proxies. Sources: https://www.upwork.com/hire/graphic-designers/pk/ | https://pk.indeed.com/ | https://skills360.com.pk/blogs/5-benefits-of-taking-graphic-designing-course",2026-05-28
brand-identity,Brand Identity,Design,remote,junior,foreign,1680,3360,5320,6,12,19,4,70,"Normalized from GPT/Gemini/Kimi research supplied on 2026-05-28; reconciled against Upwork Pakistan design pages, Indeed Pakistan design salaries, Skills360/market training signals, and local project-pricing proxies. Sources: https://www.upwork.com/hire/graphic-designers/pk/ | https://pk.indeed.com/ | https://skills360.com.pk/blogs/5-benefits-of-taking-graphic-designing-course",2026-05-28
brand-identity,Brand Identity,Design,remote,mid,local,1100,1850,3100,3.93,6.61,11.07,4,70,"Normalized from GPT/Gemini/Kimi research supplied on 2026-05-28; reconciled against Upwork Pakistan design pages, Indeed Pakistan design salaries, Skills360/market training signals, and local project-pricing proxies. Sources: https://www.upwork.com/hire/graphic-designers/pk/ | https://pk.indeed.com/ | https://skills360.com.pk/blogs/5-benefits-of-taking-graphic-designing-course",2026-05-28
brand-identity,Brand Identity,Design,remote,mid,foreign,5040,8400,13160,18,30,47,4,70,"Normalized from GPT/Gemini/Kimi research supplied on 2026-05-28; reconciled against Upwork Pakistan design pages, Indeed Pakistan design salaries, Skills360/market training signals, and local project-pricing proxies. Sources: https://www.upwork.com/hire/graphic-designers/pk/ | https://pk.indeed.com/ | https://skills360.com.pk/blogs/5-benefits-of-taking-graphic-designing-course",2026-05-28
brand-identity,Brand Identity,Design,remote,senior,local,3100,4950,7700,11.07,17.68,27.5,4,70,"Normalized from GPT/Gemini/Kimi research supplied on 2026-05-28; reconciled against Upwork Pakistan design pages, Indeed Pakistan design salaries, Skills360/market training signals, and local project-pricing proxies. Sources: https://www.upwork.com/hire/graphic-designers/pk/ | https://pk.indeed.com/ | https://skills360.com.pk/blogs/5-benefits-of-taking-graphic-designing-course",2026-05-28
brand-identity,Brand Identity,Design,remote,senior,foreign,11480,18200,28000,41,65,100,4,70,"Normalized from GPT/Gemini/Kimi research supplied on 2026-05-28; reconciled against Upwork Pakistan design pages, Indeed Pakistan design salaries, Skills360/market training signals, and local project-pricing proxies. Sources: https://www.upwork.com/hire/graphic-designers/pk/ | https://pk.indeed.com/ | https://skills360.com.pk/blogs/5-benefits-of-taking-graphic-designing-course",2026-05-28
motion-graphics,Motion Graphics,Design,remote,junior,local,350,700,1150,1.25,2.5,4.11,4,72,"Normalized from GPT/Gemini/Kimi research supplied on 2026-05-28; reconciled against Upwork Pakistan design pages, Indeed Pakistan design salaries, Skills360/market training signals, and local project-pricing proxies. Sources: https://www.upwork.com/hire/graphic-designers/pk/ | https://pk.indeed.com/ | https://skills360.com.pk/blogs/5-benefits-of-taking-graphic-designing-course",2026-05-28
motion-graphics,Motion Graphics,Design,remote,junior,foreign,1680,3360,5320,6,12,19,4,72,"Normalized from GPT/Gemini/Kimi research supplied on 2026-05-28; reconciled against Upwork Pakistan design pages, Indeed Pakistan design salaries, Skills360/market training signals, and local project-pricing proxies. Sources: https://www.upwork.com/hire/graphic-designers/pk/ | https://pk.indeed.com/ | https://skills360.com.pk/blogs/5-benefits-of-taking-graphic-designing-course",2026-05-28
motion-graphics,Motion Graphics,Design,remote,mid,local,1150,1950,3200,4.11,6.96,11.43,4,72,"Normalized from GPT/Gemini/Kimi research supplied on 2026-05-28; reconciled against Upwork Pakistan design pages, Indeed Pakistan design salaries, Skills360/market training signals, and local project-pricing proxies. Sources: https://www.upwork.com/hire/graphic-designers/pk/ | https://pk.indeed.com/ | https://skills360.com.pk/blogs/5-benefits-of-taking-graphic-designing-course",2026-05-28
motion-graphics,Motion Graphics,Design,remote,mid,foreign,5040,8400,13440,18,30,48,4,72,"Normalized from GPT/Gemini/Kimi research supplied on 2026-05-28; reconciled against Upwork Pakistan design pages, Indeed Pakistan design salaries, Skills360/market training signals, and local project-pricing proxies. Sources: https://www.upwork.com/hire/graphic-designers/pk/ | https://pk.indeed.com/ | https://skills360.com.pk/blogs/5-benefits-of-taking-graphic-designing-course",2026-05-28
motion-graphics,Motion Graphics,Design,remote,senior,local,3200,5200,8050,11.43,18.57,28.75,4,72,"Normalized from GPT/Gemini/Kimi research supplied on 2026-05-28; reconciled against Upwork Pakistan design pages, Indeed Pakistan design salaries, Skills360/market training signals, and local project-pricing proxies. Sources: https://www.upwork.com/hire/graphic-designers/pk/ | https://pk.indeed.com/ | https://skills360.com.pk/blogs/5-benefits-of-taking-graphic-designing-course",2026-05-28
motion-graphics,Motion Graphics,Design,remote,senior,foreign,11760,18480,28560,42,66,102,4,72,"Normalized from GPT/Gemini/Kimi research supplied on 2026-05-28; reconciled against Upwork Pakistan design pages, Indeed Pakistan design salaries, Skills360/market training signals, and local project-pricing proxies. Sources: https://www.upwork.com/hire/graphic-designers/pk/ | https://pk.indeed.com/ | https://skills360.com.pk/blogs/5-benefits-of-taking-graphic-designing-course",2026-05-28
video-editing,Video Editing,Design,remote,junior,local,300,550,950,1.07,1.96,3.39,4,78,"Normalized from GPT/Gemini/Kimi research supplied on 2026-05-28; reconciled against Upwork Pakistan design pages, Indeed Pakistan design salaries, Skills360/market training signals, and local project-pricing proxies. Sources: https://www.upwork.com/hire/graphic-designers/pk/ | https://pk.indeed.com/ | https://skills360.com.pk/blogs/5-benefits-of-taking-graphic-designing-course",2026-05-28
video-editing,Video Editing,Design,remote,junior,foreign,1400,2520,4200,5,9,15,4,78,"Normalized from GPT/Gemini/Kimi research supplied on 2026-05-28; reconciled against Upwork Pakistan design pages, Indeed Pakistan design salaries, Skills360/market training signals, and local project-pricing proxies. Sources: https://www.upwork.com/hire/graphic-designers/pk/ | https://pk.indeed.com/ | https://skills360.com.pk/blogs/5-benefits-of-taking-graphic-designing-course",2026-05-28
video-editing,Video Editing,Design,remote,mid,local,950,1600,2650,3.39,5.71,9.46,4,78,"Normalized from GPT/Gemini/Kimi research supplied on 2026-05-28; reconciled against Upwork Pakistan design pages, Indeed Pakistan design salaries, Skills360/market training signals, and local project-pricing proxies. Sources: https://www.upwork.com/hire/graphic-designers/pk/ | https://pk.indeed.com/ | https://skills360.com.pk/blogs/5-benefits-of-taking-graphic-designing-course",2026-05-28
video-editing,Video Editing,Design,remote,mid,foreign,3920,6440,10360,14,23,37,4,78,"Normalized from GPT/Gemini/Kimi research supplied on 2026-05-28; reconciled against Upwork Pakistan design pages, Indeed Pakistan design salaries, Skills360/market training signals, and local project-pricing proxies. Sources: https://www.upwork.com/hire/graphic-designers/pk/ | https://pk.indeed.com/ | https://skills360.com.pk/blogs/5-benefits-of-taking-graphic-designing-course",2026-05-28
video-editing,Video Editing,Design,remote,senior,local,2650,4300,6650,9.46,15.36,23.75,4,78,"Normalized from GPT/Gemini/Kimi research supplied on 2026-05-28; reconciled against Upwork Pakistan design pages, Indeed Pakistan design salaries, Skills360/market training signals, and local project-pricing proxies. Sources: https://www.upwork.com/hire/graphic-designers/pk/ | https://pk.indeed.com/ | https://skills360.com.pk/blogs/5-benefits-of-taking-graphic-designing-course",2026-05-28
video-editing,Video Editing,Design,remote,senior,foreign,8960,14280,21840,32,51,78,4,78,"Normalized from GPT/Gemini/Kimi research supplied on 2026-05-28; reconciled against Upwork Pakistan design pages, Indeed Pakistan design salaries, Skills360/market training signals, and local project-pricing proxies. Sources: https://www.upwork.com/hire/graphic-designers/pk/ | https://pk.indeed.com/ | https://skills360.com.pk/blogs/5-benefits-of-taking-graphic-designing-course",2026-05-28
3d-design,3D Design,Design,remote,junior,local,350,700,1200,1.25,2.5,4.29,4,66,"Normalized from GPT/Gemini/Kimi research supplied on 2026-05-28; reconciled against Upwork Pakistan design pages, Indeed Pakistan design salaries, Skills360/market training signals, and local project-pricing proxies. Sources: https://www.upwork.com/hire/graphic-designers/pk/ | https://pk.indeed.com/ | https://skills360.com.pk/blogs/5-benefits-of-taking-graphic-designing-course",2026-05-28
3d-design,3D Design,Design,remote,junior,foreign,1680,3640,5600,6,13,20,4,66,"Normalized from GPT/Gemini/Kimi research supplied on 2026-05-28; reconciled against Upwork Pakistan design pages, Indeed Pakistan design salaries, Skills360/market training signals, and local project-pricing proxies. Sources: https://www.upwork.com/hire/graphic-designers/pk/ | https://pk.indeed.com/ | https://skills360.com.pk/blogs/5-benefits-of-taking-graphic-designing-course",2026-05-28
3d-design,3D Design,Design,remote,mid,local,1200,2050,3350,4.29,7.32,11.96,4,66,"Normalized from GPT/Gemini/Kimi research supplied on 2026-05-28; reconciled against Upwork Pakistan design pages, Indeed Pakistan design salaries, Skills360/market training signals, and local project-pricing proxies. Sources: https://www.upwork.com/hire/graphic-designers/pk/ | https://pk.indeed.com/ | https://skills360.com.pk/blogs/5-benefits-of-taking-graphic-designing-course",2026-05-28
3d-design,3D Design,Design,remote,mid,foreign,5320,8680,14000,19,31,50,4,66,"Normalized from GPT/Gemini/Kimi research supplied on 2026-05-28; reconciled against Upwork Pakistan design pages, Indeed Pakistan design salaries, Skills360/market training signals, and local project-pricing proxies. Sources: https://www.upwork.com/hire/graphic-designers/pk/ | https://pk.indeed.com/ | https://skills360.com.pk/blogs/5-benefits-of-taking-graphic-designing-course",2026-05-28
3d-design,3D Design,Design,remote,senior,local,3350,5400,8400,11.96,19.29,30,4,66,"Normalized from GPT/Gemini/Kimi research supplied on 2026-05-28; reconciled against Upwork Pakistan design pages, Indeed Pakistan design salaries, Skills360/market training signals, and local project-pricing proxies. Sources: https://www.upwork.com/hire/graphic-designers/pk/ | https://pk.indeed.com/ | https://skills360.com.pk/blogs/5-benefits-of-taking-graphic-designing-course",2026-05-28
3d-design,3D Design,Design,remote,senior,foreign,12320,19320,29680,44,69,106,4,66,"Normalized from GPT/Gemini/Kimi research supplied on 2026-05-28; reconciled against Upwork Pakistan design pages, Indeed Pakistan design salaries, Skills360/market training signals, and local project-pricing proxies. Sources: https://www.upwork.com/hire/graphic-designers/pk/ | https://pk.indeed.com/ | https://skills360.com.pk/blogs/5-benefits-of-taking-graphic-designing-course",2026-05-28
figma-design,Figma Design,Design,remote,junior,local,300,650,1100,1.07,2.32,3.93,4,74,"Normalized from GPT/Gemini/Kimi research supplied on 2026-05-28; reconciled against Upwork Pakistan design pages, Indeed Pakistan design salaries, Skills360/market training signals, and local project-pricing proxies. Sources: https://www.upwork.com/hire/graphic-designers/pk/ | https://pk.indeed.com/ | https://skills360.com.pk/blogs/5-benefits-of-taking-graphic-designing-course",2026-05-28
figma-design,Figma Design,Design,remote,junior,foreign,1400,3080,4760,5,11,17,4,74,"Normalized from GPT/Gemini/Kimi research supplied on 2026-05-28; reconciled against Upwork Pakistan design pages, Indeed Pakistan design salaries, Skills360/market training signals, and local project-pricing proxies. Sources: https://www.upwork.com/hire/graphic-designers/pk/ | https://pk.indeed.com/ | https://skills360.com.pk/blogs/5-benefits-of-taking-graphic-designing-course",2026-05-28
figma-design,Figma Design,Design,remote,mid,local,1100,1850,3000,3.93,6.61,10.71,4,74,"Normalized from GPT/Gemini/Kimi research supplied on 2026-05-28; reconciled against Upwork Pakistan design pages, Indeed Pakistan design salaries, Skills360/market training signals, and local project-pricing proxies. Sources: https://www.upwork.com/hire/graphic-designers/pk/ | https://pk.indeed.com/ | https://skills360.com.pk/blogs/5-benefits-of-taking-graphic-designing-course",2026-05-28
figma-design,Figma Design,Design,remote,mid,foreign,4480,7560,12040,16,27,43,4,74,"Normalized from GPT/Gemini/Kimi research supplied on 2026-05-28; reconciled against Upwork Pakistan design pages, Indeed Pakistan design salaries, Skills360/market training signals, and local project-pricing proxies. Sources: https://www.upwork.com/hire/graphic-designers/pk/ | https://pk.indeed.com/ | https://skills360.com.pk/blogs/5-benefits-of-taking-graphic-designing-course",2026-05-28
figma-design,Figma Design,Design,remote,senior,local,3000,4850,7550,10.71,17.32,26.96,4,74,"Normalized from GPT/Gemini/Kimi research supplied on 2026-05-28; reconciled against Upwork Pakistan design pages, Indeed Pakistan design salaries, Skills360/market training signals, and local project-pricing proxies. Sources: https://www.upwork.com/hire/graphic-designers/pk/ | https://pk.indeed.com/ | https://skills360.com.pk/blogs/5-benefits-of-taking-graphic-designing-course",2026-05-28
figma-design,Figma Design,Design,remote,senior,foreign,10640,16520,25760,38,59,92,4,74,"Normalized from GPT/Gemini/Kimi research supplied on 2026-05-28; reconciled against Upwork Pakistan design pages, Indeed Pakistan design salaries, Skills360/market training signals, and local project-pricing proxies. Sources: https://www.upwork.com/hire/graphic-designers/pk/ | https://pk.indeed.com/ | https://skills360.com.pk/blogs/5-benefits-of-taking-graphic-designing-course",2026-05-28
content-writing,Content Writing,Content & Marketing,remote,junior,local,250,550,950,0.89,1.96,3.39,4,78,"Normalized from GPT/Gemini/Kimi research supplied on 2026-05-28; reconciled against PayScale/Indeed Pakistan signals, Upwork Pakistan writing/SEO pages, Pakistani digital marketing salary guides, and per-piece pricing converted to hourly equivalents. Sources: https://www.upwork.com/hire/content-writers/pk/ | https://pk.indeed.com/ | https://www.payscale.com/research/PK",2026-05-28
content-writing,Content Writing,Content & Marketing,remote,junior,foreign,1400,2800,4480,5,10,16,4,78,"Normalized from GPT/Gemini/Kimi research supplied on 2026-05-28; reconciled against PayScale/Indeed Pakistan signals, Upwork Pakistan writing/SEO pages, Pakistani digital marketing salary guides, and per-piece pricing converted to hourly equivalents. Sources: https://www.upwork.com/hire/content-writers/pk/ | https://pk.indeed.com/ | https://www.payscale.com/research/PK",2026-05-28
content-writing,Content Writing,Content & Marketing,remote,mid,local,900,1700,2800,3.21,6.07,10,4,78,"Normalized from GPT/Gemini/Kimi research supplied on 2026-05-28; reconciled against PayScale/Indeed Pakistan signals, Upwork Pakistan writing/SEO pages, Pakistani digital marketing salary guides, and per-piece pricing converted to hourly equivalents. Sources: https://www.upwork.com/hire/content-writers/pk/ | https://pk.indeed.com/ | https://www.payscale.com/research/PK",2026-05-28
content-writing,Content Writing,Content & Marketing,remote,mid,foreign,4200,7000,11200,15,25,40,4,78,"Normalized from GPT/Gemini/Kimi research supplied on 2026-05-28; reconciled against PayScale/Indeed Pakistan signals, Upwork Pakistan writing/SEO pages, Pakistani digital marketing salary guides, and per-piece pricing converted to hourly equivalents. Sources: https://www.upwork.com/hire/content-writers/pk/ | https://pk.indeed.com/ | https://www.payscale.com/research/PK",2026-05-28
content-writing,Content Writing,Content & Marketing,remote,senior,local,2600,4300,6500,9.29,15.36,23.21,4,78,"Normalized from GPT/Gemini/Kimi research supplied on 2026-05-28; reconciled against PayScale/Indeed Pakistan signals, Upwork Pakistan writing/SEO pages, Pakistani digital marketing salary guides, and per-piece pricing converted to hourly equivalents. Sources: https://www.upwork.com/hire/content-writers/pk/ | https://pk.indeed.com/ | https://www.payscale.com/research/PK",2026-05-28
content-writing,Content Writing,Content & Marketing,remote,senior,foreign,9800,15400,23800,35,55,85,4,78,"Normalized from GPT/Gemini/Kimi research supplied on 2026-05-28; reconciled against PayScale/Indeed Pakistan signals, Upwork Pakistan writing/SEO pages, Pakistani digital marketing salary guides, and per-piece pricing converted to hourly equivalents. Sources: https://www.upwork.com/hire/content-writers/pk/ | https://pk.indeed.com/ | https://www.payscale.com/research/PK",2026-05-28
copywriting,Copywriting,Content & Marketing,remote,junior,local,300,650,1100,1.07,2.32,3.93,4,72,"Normalized from GPT/Gemini/Kimi research supplied on 2026-05-28; reconciled against PayScale/Indeed Pakistan signals, Upwork Pakistan writing/SEO pages, Pakistani digital marketing salary guides, and per-piece pricing converted to hourly equivalents. Sources: https://www.upwork.com/hire/content-writers/pk/ | https://pk.indeed.com/ | https://www.payscale.com/research/PK",2026-05-28
copywriting,Copywriting,Content & Marketing,remote,junior,foreign,1680,3360,5320,6,12,19,4,72,"Normalized from GPT/Gemini/Kimi research supplied on 2026-05-28; reconciled against PayScale/Indeed Pakistan signals, Upwork Pakistan writing/SEO pages, Pakistani digital marketing salary guides, and per-piece pricing converted to hourly equivalents. Sources: https://www.upwork.com/hire/content-writers/pk/ | https://pk.indeed.com/ | https://www.payscale.com/research/PK",2026-05-28
copywriting,Copywriting,Content & Marketing,remote,mid,local,1050,1950,3200,3.75,6.96,11.43,4,72,"Normalized from GPT/Gemini/Kimi research supplied on 2026-05-28; reconciled against PayScale/Indeed Pakistan signals, Upwork Pakistan writing/SEO pages, Pakistani digital marketing salary guides, and per-piece pricing converted to hourly equivalents. Sources: https://www.upwork.com/hire/content-writers/pk/ | https://pk.indeed.com/ | https://www.payscale.com/research/PK",2026-05-28
copywriting,Copywriting,Content & Marketing,remote,mid,foreign,5040,8400,13160,18,30,47,4,72,"Normalized from GPT/Gemini/Kimi research supplied on 2026-05-28; reconciled against PayScale/Indeed Pakistan signals, Upwork Pakistan writing/SEO pages, Pakistani digital marketing salary guides, and per-piece pricing converted to hourly equivalents. Sources: https://www.upwork.com/hire/content-writers/pk/ | https://pk.indeed.com/ | https://www.payscale.com/research/PK",2026-05-28
copywriting,Copywriting,Content & Marketing,remote,senior,local,3000,4950,7450,10.71,17.68,26.61,4,72,"Normalized from GPT/Gemini/Kimi research supplied on 2026-05-28; reconciled against PayScale/Indeed Pakistan signals, Upwork Pakistan writing/SEO pages, Pakistani digital marketing salary guides, and per-piece pricing converted to hourly equivalents. Sources: https://www.upwork.com/hire/content-writers/pk/ | https://pk.indeed.com/ | https://www.payscale.com/research/PK",2026-05-28
copywriting,Copywriting,Content & Marketing,remote,senior,foreign,11480,18200,28000,41,65,100,4,72,"Normalized from GPT/Gemini/Kimi research supplied on 2026-05-28; reconciled against PayScale/Indeed Pakistan signals, Upwork Pakistan writing/SEO pages, Pakistani digital marketing salary guides, and per-piece pricing converted to hourly equivalents. Sources: https://www.upwork.com/hire/content-writers/pk/ | https://pk.indeed.com/ | https://www.payscale.com/research/PK",2026-05-28
seo,SEO,Content & Marketing,remote,junior,local,300,650,1100,1.07,2.32,3.93,4,80,"Normalized from GPT/Gemini/Kimi research supplied on 2026-05-28; reconciled against PayScale/Indeed Pakistan signals, Upwork Pakistan writing/SEO pages, Pakistani digital marketing salary guides, and per-piece pricing converted to hourly equivalents. Sources: https://www.upwork.com/hire/content-writers/pk/ | https://pk.indeed.com/ | https://www.payscale.com/research/PK",2026-05-28
seo,SEO,Content & Marketing,remote,junior,foreign,1680,3360,5040,6,12,18,4,80,"Normalized from GPT/Gemini/Kimi research supplied on 2026-05-28; reconciled against PayScale/Indeed Pakistan signals, Upwork Pakistan writing/SEO pages, Pakistani digital marketing salary guides, and per-piece pricing converted to hourly equivalents. Sources: https://www.upwork.com/hire/content-writers/pk/ | https://pk.indeed.com/ | https://www.payscale.com/research/PK",2026-05-28
seo,SEO,Content & Marketing,remote,mid,local,1050,2000,3300,3.75,7.14,11.79,4,80,"Normalized from GPT/Gemini/Kimi research supplied on 2026-05-28; reconciled against PayScale/Indeed Pakistan signals, Upwork Pakistan writing/SEO pages, Pakistani digital marketing salary guides, and per-piece pricing converted to hourly equivalents. Sources: https://www.upwork.com/hire/content-writers/pk/ | https://pk.indeed.com/ | https://www.payscale.com/research/PK",2026-05-28
seo,SEO,Content & Marketing,remote,mid,foreign,4760,8120,12880,17,29,46,4,80,"Normalized from GPT/Gemini/Kimi research supplied on 2026-05-28; reconciled against PayScale/Indeed Pakistan signals, Upwork Pakistan writing/SEO pages, Pakistani digital marketing salary guides, and per-piece pricing converted to hourly equivalents. Sources: https://www.upwork.com/hire/content-writers/pk/ | https://pk.indeed.com/ | https://www.payscale.com/research/PK",2026-05-28
seo,SEO,Content & Marketing,remote,senior,local,3050,5050,7650,10.89,18.04,27.32,4,80,"Normalized from GPT/Gemini/Kimi research supplied on 2026-05-28; reconciled against PayScale/Indeed Pakistan signals, Upwork Pakistan writing/SEO pages, Pakistani digital marketing salary guides, and per-piece pricing converted to hourly equivalents. Sources: https://www.upwork.com/hire/content-writers/pk/ | https://pk.indeed.com/ | https://www.payscale.com/research/PK",2026-05-28
seo,SEO,Content & Marketing,remote,senior,foreign,11200,17640,27440,40,63,98,4,80,"Normalized from GPT/Gemini/Kimi research supplied on 2026-05-28; reconciled against PayScale/Indeed Pakistan signals, Upwork Pakistan writing/SEO pages, Pakistani digital marketing salary guides, and per-piece pricing converted to hourly equivalents. Sources: https://www.upwork.com/hire/content-writers/pk/ | https://pk.indeed.com/ | https://www.payscale.com/research/PK",2026-05-28
social-media,Social Media,Content & Marketing,remote,junior,local,250,500,900,0.89,1.79,3.21,4,76,"Normalized from GPT/Gemini/Kimi research supplied on 2026-05-28; reconciled against PayScale/Indeed Pakistan signals, Upwork Pakistan writing/SEO pages, Pakistani digital marketing salary guides, and per-piece pricing converted to hourly equivalents. Sources: https://www.upwork.com/hire/content-writers/pk/ | https://pk.indeed.com/ | https://www.payscale.com/research/PK",2026-05-28
social-media,Social Media,Content & Marketing,remote,junior,foreign,1400,2800,4200,5,10,15,4,76,"Normalized from GPT/Gemini/Kimi research supplied on 2026-05-28; reconciled against PayScale/Indeed Pakistan signals, Upwork Pakistan writing/SEO pages, Pakistani digital marketing salary guides, and per-piece pricing converted to hourly equivalents. Sources: https://www.upwork.com/hire/content-writers/pk/ | https://pk.indeed.com/ | https://www.payscale.com/research/PK",2026-05-28
social-media,Social Media,Content & Marketing,remote,mid,local,850,1600,2650,3.04,5.71,9.46,4,76,"Normalized from GPT/Gemini/Kimi research supplied on 2026-05-28; reconciled against PayScale/Indeed Pakistan signals, Upwork Pakistan writing/SEO pages, Pakistani digital marketing salary guides, and per-piece pricing converted to hourly equivalents. Sources: https://www.upwork.com/hire/content-writers/pk/ | https://pk.indeed.com/ | https://www.payscale.com/research/PK",2026-05-28
social-media,Social Media,Content & Marketing,remote,mid,foreign,3920,6720,10640,14,24,38,4,76,"Normalized from GPT/Gemini/Kimi research supplied on 2026-05-28; reconciled against PayScale/Indeed Pakistan signals, Upwork Pakistan writing/SEO pages, Pakistani digital marketing salary guides, and per-piece pricing converted to hourly equivalents. Sources: https://www.upwork.com/hire/content-writers/pk/ | https://pk.indeed.com/ | https://www.payscale.com/research/PK",2026-05-28
social-media,Social Media,Content & Marketing,remote,senior,local,2450,4100,6200,8.75,14.64,22.14,4,76,"Normalized from GPT/Gemini/Kimi research supplied on 2026-05-28; reconciled against PayScale/Indeed Pakistan signals, Upwork Pakistan writing/SEO pages, Pakistani digital marketing salary guides, and per-piece pricing converted to hourly equivalents. Sources: https://www.upwork.com/hire/content-writers/pk/ | https://pk.indeed.com/ | https://www.payscale.com/research/PK",2026-05-28
social-media,Social Media,Content & Marketing,remote,senior,foreign,9240,14560,22680,33,52,81,4,76,"Normalized from GPT/Gemini/Kimi research supplied on 2026-05-28; reconciled against PayScale/Indeed Pakistan signals, Upwork Pakistan writing/SEO pages, Pakistani digital marketing salary guides, and per-piece pricing converted to hourly equivalents. Sources: https://www.upwork.com/hire/content-writers/pk/ | https://pk.indeed.com/ | https://www.payscale.com/research/PK",2026-05-28
email-marketing,Email Marketing,Content & Marketing,remote,junior,local,250,600,1000,0.89,2.14,3.57,4,72,"Normalized from GPT/Gemini/Kimi research supplied on 2026-05-28; reconciled against PayScale/Indeed Pakistan signals, Upwork Pakistan writing/SEO pages, Pakistani digital marketing salary guides, and per-piece pricing converted to hourly equivalents. Sources: https://www.upwork.com/hire/content-writers/pk/ | https://pk.indeed.com/ | https://www.payscale.com/research/PK",2026-05-28
email-marketing,Email Marketing,Content & Marketing,remote,junior,foreign,1400,3080,4760,5,11,17,4,72,"Normalized from GPT/Gemini/Kimi research supplied on 2026-05-28; reconciled against PayScale/Indeed Pakistan signals, Upwork Pakistan writing/SEO pages, Pakistani digital marketing salary guides, and per-piece pricing converted to hourly equivalents. Sources: https://www.upwork.com/hire/content-writers/pk/ | https://pk.indeed.com/ | https://www.payscale.com/research/PK",2026-05-28
email-marketing,Email Marketing,Content & Marketing,remote,mid,local,950,1800,2950,3.39,6.43,10.54,4,72,"Normalized from GPT/Gemini/Kimi research supplied on 2026-05-28; reconciled against PayScale/Indeed Pakistan signals, Upwork Pakistan writing/SEO pages, Pakistani digital marketing salary guides, and per-piece pricing converted to hourly equivalents. Sources: https://www.upwork.com/hire/content-writers/pk/ | https://pk.indeed.com/ | https://www.payscale.com/research/PK",2026-05-28
email-marketing,Email Marketing,Content & Marketing,remote,mid,foreign,4480,7560,12040,16,27,43,4,72,"Normalized from GPT/Gemini/Kimi research supplied on 2026-05-28; reconciled against PayScale/Indeed Pakistan signals, Upwork Pakistan writing/SEO pages, Pakistani digital marketing salary guides, and per-piece pricing converted to hourly equivalents. Sources: https://www.upwork.com/hire/content-writers/pk/ | https://pk.indeed.com/ | https://www.payscale.com/research/PK",2026-05-28
email-marketing,Email Marketing,Content & Marketing,remote,senior,local,2750,4500,6850,9.82,16.07,24.46,4,72,"Normalized from GPT/Gemini/Kimi research supplied on 2026-05-28; reconciled against PayScale/Indeed Pakistan signals, Upwork Pakistan writing/SEO pages, Pakistani digital marketing salary guides, and per-piece pricing converted to hourly equivalents. Sources: https://www.upwork.com/hire/content-writers/pk/ | https://pk.indeed.com/ | https://www.payscale.com/research/PK",2026-05-28
email-marketing,Email Marketing,Content & Marketing,remote,senior,foreign,10640,16520,25760,38,59,92,4,72,"Normalized from GPT/Gemini/Kimi research supplied on 2026-05-28; reconciled against PayScale/Indeed Pakistan signals, Upwork Pakistan writing/SEO pages, Pakistani digital marketing salary guides, and per-piece pricing converted to hourly equivalents. Sources: https://www.upwork.com/hire/content-writers/pk/ | https://pk.indeed.com/ | https://www.payscale.com/research/PK",2026-05-28
blog-writing,Blog Writing,Content & Marketing,remote,junior,local,200,500,850,0.71,1.79,3.04,4,74,"Normalized from GPT/Gemini/Kimi research supplied on 2026-05-28; reconciled against PayScale/Indeed Pakistan signals, Upwork Pakistan writing/SEO pages, Pakistani digital marketing salary guides, and per-piece pricing converted to hourly equivalents. Sources: https://www.upwork.com/hire/content-writers/pk/ | https://pk.indeed.com/ | https://www.payscale.com/research/PK",2026-05-28
blog-writing,Blog Writing,Content & Marketing,remote,junior,foreign,1120,2520,3920,4,9,14,4,74,"Normalized from GPT/Gemini/Kimi research supplied on 2026-05-28; reconciled against PayScale/Indeed Pakistan signals, Upwork Pakistan writing/SEO pages, Pakistani digital marketing salary guides, and per-piece pricing converted to hourly equivalents. Sources: https://www.upwork.com/hire/content-writers/pk/ | https://pk.indeed.com/ | https://www.payscale.com/research/PK",2026-05-28
blog-writing,Blog Writing,Content & Marketing,remote,mid,local,800,1500,2450,2.86,5.36,8.75,4,74,"Normalized from GPT/Gemini/Kimi research supplied on 2026-05-28; reconciled against PayScale/Indeed Pakistan signals, Upwork Pakistan writing/SEO pages, Pakistani digital marketing salary guides, and per-piece pricing converted to hourly equivalents. Sources: https://www.upwork.com/hire/content-writers/pk/ | https://pk.indeed.com/ | https://www.payscale.com/research/PK",2026-05-28
blog-writing,Blog Writing,Content & Marketing,remote,mid,foreign,3640,5880,9520,13,21,34,4,74,"Normalized from GPT/Gemini/Kimi research supplied on 2026-05-28; reconciled against PayScale/Indeed Pakistan signals, Upwork Pakistan writing/SEO pages, Pakistani digital marketing salary guides, and per-piece pricing converted to hourly equivalents. Sources: https://www.upwork.com/hire/content-writers/pk/ | https://pk.indeed.com/ | https://www.payscale.com/research/PK",2026-05-28
blog-writing,Blog Writing,Content & Marketing,remote,senior,local,2300,3800,5700,8.21,13.57,20.36,4,74,"Normalized from GPT/Gemini/Kimi research supplied on 2026-05-28; reconciled against PayScale/Indeed Pakistan signals, Upwork Pakistan writing/SEO pages, Pakistani digital marketing salary guides, and per-piece pricing converted to hourly equivalents. Sources: https://www.upwork.com/hire/content-writers/pk/ | https://pk.indeed.com/ | https://www.payscale.com/research/PK",2026-05-28
blog-writing,Blog Writing,Content & Marketing,remote,senior,foreign,8400,13160,20160,30,47,72,4,74,"Normalized from GPT/Gemini/Kimi research supplied on 2026-05-28; reconciled against PayScale/Indeed Pakistan signals, Upwork Pakistan writing/SEO pages, Pakistani digital marketing salary guides, and per-piece pricing converted to hourly equivalents. Sources: https://www.upwork.com/hire/content-writers/pk/ | https://pk.indeed.com/ | https://www.payscale.com/research/PK",2026-05-28
technical-writing,Technical Writing,Content & Marketing,remote,junior,local,300,650,1150,1.07,2.32,4.11,4,70,"Normalized from GPT/Gemini/Kimi research supplied on 2026-05-28; reconciled against PayScale/Indeed Pakistan signals, Upwork Pakistan writing/SEO pages, Pakistani digital marketing salary guides, and per-piece pricing converted to hourly equivalents. Sources: https://www.upwork.com/hire/content-writers/pk/ | https://pk.indeed.com/ | https://www.payscale.com/research/PK",2026-05-28
technical-writing,Technical Writing,Content & Marketing,remote,junior,foreign,1680,3640,5600,6,13,20,4,70,"Normalized from GPT/Gemini/Kimi research supplied on 2026-05-28; reconciled against PayScale/Indeed Pakistan signals, Upwork Pakistan writing/SEO pages, Pakistani digital marketing salary guides, and per-piece pricing converted to hourly equivalents. Sources: https://www.upwork.com/hire/content-writers/pk/ | https://pk.indeed.com/ | https://www.payscale.com/research/PK",2026-05-28
technical-writing,Technical Writing,Content & Marketing,remote,mid,local,1100,2050,3400,3.93,7.32,12.14,4,70,"Normalized from GPT/Gemini/Kimi research supplied on 2026-05-28; reconciled against PayScale/Indeed Pakistan signals, Upwork Pakistan writing/SEO pages, Pakistani digital marketing salary guides, and per-piece pricing converted to hourly equivalents. Sources: https://www.upwork.com/hire/content-writers/pk/ | https://pk.indeed.com/ | https://www.payscale.com/research/PK",2026-05-28
technical-writing,Technical Writing,Content & Marketing,remote,mid,foreign,5320,8680,14000,19,31,50,4,70,"Normalized from GPT/Gemini/Kimi research supplied on 2026-05-28; reconciled against PayScale/Indeed Pakistan signals, Upwork Pakistan writing/SEO pages, Pakistani digital marketing salary guides, and per-piece pricing converted to hourly equivalents. Sources: https://www.upwork.com/hire/content-writers/pk/ | https://pk.indeed.com/ | https://www.payscale.com/research/PK",2026-05-28
technical-writing,Technical Writing,Content & Marketing,remote,senior,local,3150,5250,7950,11.25,18.75,28.39,4,70,"Normalized from GPT/Gemini/Kimi research supplied on 2026-05-28; reconciled against PayScale/Indeed Pakistan signals, Upwork Pakistan writing/SEO pages, Pakistani digital marketing salary guides, and per-piece pricing converted to hourly equivalents. Sources: https://www.upwork.com/hire/content-writers/pk/ | https://pk.indeed.com/ | https://www.payscale.com/research/PK",2026-05-28
technical-writing,Technical Writing,Content & Marketing,remote,senior,foreign,12320,19320,29680,44,69,106,4,70,"Normalized from GPT/Gemini/Kimi research supplied on 2026-05-28; reconciled against PayScale/Indeed Pakistan signals, Upwork Pakistan writing/SEO pages, Pakistani digital marketing salary guides, and per-piece pricing converted to hourly equivalents. Sources: https://www.upwork.com/hire/content-writers/pk/ | https://pk.indeed.com/ | https://www.payscale.com/research/PK",2026-05-28
translation-en-ur,Translation (EN/UR),Content & Marketing,remote,junior,local,200,450,750,0.71,1.61,2.68,4,68,"Normalized from GPT/Gemini/Kimi research supplied on 2026-05-28; reconciled against PayScale/Indeed Pakistan signals, Upwork Pakistan writing/SEO pages, Pakistani digital marketing salary guides, and per-piece pricing converted to hourly equivalents. Sources: https://www.upwork.com/hire/content-writers/pk/ | https://pk.indeed.com/ | https://www.payscale.com/research/PK",2026-05-28
translation-en-ur,Translation (EN/UR),Content & Marketing,remote,junior,foreign,1120,2240,3640,4,8,13,4,68,"Normalized from GPT/Gemini/Kimi research supplied on 2026-05-28; reconciled against PayScale/Indeed Pakistan signals, Upwork Pakistan writing/SEO pages, Pakistani digital marketing salary guides, and per-piece pricing converted to hourly equivalents. Sources: https://www.upwork.com/hire/content-writers/pk/ | https://pk.indeed.com/ | https://www.payscale.com/research/PK",2026-05-28
translation-en-ur,Translation (EN/UR),Content & Marketing,remote,mid,local,700,1350,2250,2.5,4.82,8.04,4,68,"Normalized from GPT/Gemini/Kimi research supplied on 2026-05-28; reconciled against PayScale/Indeed Pakistan signals, Upwork Pakistan writing/SEO pages, Pakistani digital marketing salary guides, and per-piece pricing converted to hourly equivalents. Sources: https://www.upwork.com/hire/content-writers/pk/ | https://pk.indeed.com/ | https://www.payscale.com/research/PK",2026-05-28
translation-en-ur,Translation (EN/UR),Content & Marketing,remote,mid,foreign,3360,5600,8960,12,20,32,4,68,"Normalized from GPT/Gemini/Kimi research supplied on 2026-05-28; reconciled against PayScale/Indeed Pakistan signals, Upwork Pakistan writing/SEO pages, Pakistani digital marketing salary guides, and per-piece pricing converted to hourly equivalents. Sources: https://www.upwork.com/hire/content-writers/pk/ | https://pk.indeed.com/ | https://www.payscale.com/research/PK",2026-05-28
translation-en-ur,Translation (EN/UR),Content & Marketing,remote,senior,local,2100,3450,5200,7.5,12.32,18.57,4,68,"Normalized from GPT/Gemini/Kimi research supplied on 2026-05-28; reconciled against PayScale/Indeed Pakistan signals, Upwork Pakistan writing/SEO pages, Pakistani digital marketing salary guides, and per-piece pricing converted to hourly equivalents. Sources: https://www.upwork.com/hire/content-writers/pk/ | https://pk.indeed.com/ | https://www.payscale.com/research/PK",2026-05-28
translation-en-ur,Translation (EN/UR),Content & Marketing,remote,senior,foreign,7840,12320,19040,28,44,68,4,68,"Normalized from GPT/Gemini/Kimi research supplied on 2026-05-28; reconciled against PayScale/Indeed Pakistan signals, Upwork Pakistan writing/SEO pages, Pakistani digital marketing salary guides, and per-piece pricing converted to hourly equivalents. Sources: https://www.upwork.com/hire/content-writers/pk/ | https://pk.indeed.com/ | https://www.payscale.com/research/PK",2026-05-28
virtual-assistant,Virtual Assistant,Business Services,remote,junior,local,150,350,600,0.54,1.25,2.14,3,78,"Normalized from GPT/Gemini/Kimi research supplied on 2026-05-28; reconciled against Workstaff360, RemotePeople, Indeed/Payscale salary proxies, and Upwork virtual assistant/business-service pages. Sources: https://workstaff360.com/average-salary-in-pakistan/ | https://www.upwork.com/hire/virtual-assistants/pk/ | https://remotepeople.com/countries/pakistan/average-salary/",2026-05-28
virtual-assistant,Virtual Assistant,Business Services,remote,junior,foreign,560,1120,1680,2,4,6,3,78,"Normalized from GPT/Gemini/Kimi research supplied on 2026-05-28; reconciled against Workstaff360, RemotePeople, Indeed/Payscale salary proxies, and Upwork virtual assistant/business-service pages. Sources: https://workstaff360.com/average-salary-in-pakistan/ | https://www.upwork.com/hire/virtual-assistants/pk/ | https://remotepeople.com/countries/pakistan/average-salary/",2026-05-28
virtual-assistant,Virtual Assistant,Business Services,remote,mid,local,600,1150,1950,2.14,4.11,6.96,3,78,"Normalized from GPT/Gemini/Kimi research supplied on 2026-05-28; reconciled against Workstaff360, RemotePeople, Indeed/Payscale salary proxies, and Upwork virtual assistant/business-service pages. Sources: https://workstaff360.com/average-salary-in-pakistan/ | https://www.upwork.com/hire/virtual-assistants/pk/ | https://remotepeople.com/countries/pakistan/average-salary/",2026-05-28
virtual-assistant,Virtual Assistant,Business Services,remote,mid,foreign,1680,2800,4480,6,10,16,3,78,"Normalized from GPT/Gemini/Kimi research supplied on 2026-05-28; reconciled against Workstaff360, RemotePeople, Indeed/Payscale salary proxies, and Upwork virtual assistant/business-service pages. Sources: https://workstaff360.com/average-salary-in-pakistan/ | https://www.upwork.com/hire/virtual-assistants/pk/ | https://remotepeople.com/countries/pakistan/average-salary/",2026-05-28
virtual-assistant,Virtual Assistant,Business Services,remote,senior,local,1800,3000,4900,6.43,10.71,17.5,3,78,"Normalized from GPT/Gemini/Kimi research supplied on 2026-05-28; reconciled against Workstaff360, RemotePeople, Indeed/Payscale salary proxies, and Upwork virtual assistant/business-service pages. Sources: https://workstaff360.com/average-salary-in-pakistan/ | https://www.upwork.com/hire/virtual-assistants/pk/ | https://remotepeople.com/countries/pakistan/average-salary/",2026-05-28
virtual-assistant,Virtual Assistant,Business Services,remote,senior,foreign,4480,7000,11200,16,25,40,3,78,"Normalized from GPT/Gemini/Kimi research supplied on 2026-05-28; reconciled against Workstaff360, RemotePeople, Indeed/Payscale salary proxies, and Upwork virtual assistant/business-service pages. Sources: https://workstaff360.com/average-salary-in-pakistan/ | https://www.upwork.com/hire/virtual-assistants/pk/ | https://remotepeople.com/countries/pakistan/average-salary/",2026-05-28
data-entry,Data Entry,Business Services,remote,junior,local,100,250,450,0.36,0.89,1.61,3,80,"Normalized from GPT/Gemini/Kimi research supplied on 2026-05-28; reconciled against Workstaff360, RemotePeople, Indeed/Payscale salary proxies, and Upwork virtual assistant/business-service pages. Sources: https://workstaff360.com/average-salary-in-pakistan/ | https://www.upwork.com/hire/virtual-assistants/pk/ | https://remotepeople.com/countries/pakistan/average-salary/",2026-05-28
data-entry,Data Entry,Business Services,remote,junior,foreign,560,840,1400,2,3,5,3,80,"Normalized from GPT/Gemini/Kimi research supplied on 2026-05-28; reconciled against Workstaff360, RemotePeople, Indeed/Payscale salary proxies, and Upwork virtual assistant/business-service pages. Sources: https://workstaff360.com/average-salary-in-pakistan/ | https://www.upwork.com/hire/virtual-assistants/pk/ | https://remotepeople.com/countries/pakistan/average-salary/",2026-05-28
data-entry,Data Entry,Business Services,remote,mid,local,450,850,1450,1.61,3.04,5.18,3,80,"Normalized from GPT/Gemini/Kimi research supplied on 2026-05-28; reconciled against Workstaff360, RemotePeople, Indeed/Payscale salary proxies, and Upwork virtual assistant/business-service pages. Sources: https://workstaff360.com/average-salary-in-pakistan/ | https://www.upwork.com/hire/virtual-assistants/pk/ | https://remotepeople.com/countries/pakistan/average-salary/",2026-05-28
data-entry,Data Entry,Business Services,remote,mid,foreign,1400,2240,3920,5,8,14,3,80,"Normalized from GPT/Gemini/Kimi research supplied on 2026-05-28; reconciled against Workstaff360, RemotePeople, Indeed/Payscale salary proxies, and Upwork virtual assistant/business-service pages. Sources: https://workstaff360.com/average-salary-in-pakistan/ | https://www.upwork.com/hire/virtual-assistants/pk/ | https://remotepeople.com/countries/pakistan/average-salary/",2026-05-28
data-entry,Data Entry,Business Services,remote,senior,local,1300,2200,3600,4.64,7.86,12.86,3,80,"Normalized from GPT/Gemini/Kimi research supplied on 2026-05-28; reconciled against Workstaff360, RemotePeople, Indeed/Payscale salary proxies, and Upwork virtual assistant/business-service pages. Sources: https://workstaff360.com/average-salary-in-pakistan/ | https://www.upwork.com/hire/virtual-assistants/pk/ | https://remotepeople.com/countries/pakistan/average-salary/",2026-05-28
data-entry,Data Entry,Business Services,remote,senior,foreign,3640,5880,9520,13,21,34,3,80,"Normalized from GPT/Gemini/Kimi research supplied on 2026-05-28; reconciled against Workstaff360, RemotePeople, Indeed/Payscale salary proxies, and Upwork virtual assistant/business-service pages. Sources: https://workstaff360.com/average-salary-in-pakistan/ | https://www.upwork.com/hire/virtual-assistants/pk/ | https://remotepeople.com/countries/pakistan/average-salary/",2026-05-28
project-management,Project Management,Business Services,remote,junior,local,200,500,900,0.71,1.79,3.21,3,66,"Normalized from GPT/Gemini/Kimi research supplied on 2026-05-28; reconciled against Workstaff360, RemotePeople, Indeed/Payscale salary proxies, and Upwork virtual assistant/business-service pages. Sources: https://workstaff360.com/average-salary-in-pakistan/ | https://www.upwork.com/hire/virtual-assistants/pk/ | https://remotepeople.com/countries/pakistan/average-salary/",2026-05-28
project-management,Project Management,Business Services,remote,junior,foreign,1120,2240,3640,4,8,13,3,66,"Normalized from GPT/Gemini/Kimi research supplied on 2026-05-28; reconciled against Workstaff360, RemotePeople, Indeed/Payscale salary proxies, and Upwork virtual assistant/business-service pages. Sources: https://workstaff360.com/average-salary-in-pakistan/ | https://www.upwork.com/hire/virtual-assistants/pk/ | https://remotepeople.com/countries/pakistan/average-salary/",2026-05-28
project-management,Project Management,Business Services,remote,mid,local,900,1700,2900,3.21,6.07,10.36,3,66,"Normalized from GPT/Gemini/Kimi research supplied on 2026-05-28; reconciled against Workstaff360, RemotePeople, Indeed/Payscale salary proxies, and Upwork virtual assistant/business-service pages. Sources: https://workstaff360.com/average-salary-in-pakistan/ | https://www.upwork.com/hire/virtual-assistants/pk/ | https://remotepeople.com/countries/pakistan/average-salary/",2026-05-28
project-management,Project Management,Business Services,remote,mid,foreign,3640,5600,9240,13,20,33,3,66,"Normalized from GPT/Gemini/Kimi research supplied on 2026-05-28; reconciled against Workstaff360, RemotePeople, Indeed/Payscale salary proxies, and Upwork virtual assistant/business-service pages. Sources: https://workstaff360.com/average-salary-in-pakistan/ | https://www.upwork.com/hire/virtual-assistants/pk/ | https://remotepeople.com/countries/pakistan/average-salary/",2026-05-28
project-management,Project Management,Business Services,remote,senior,local,2700,4500,7300,9.64,16.07,26.07,3,66,"Normalized from GPT/Gemini/Kimi research supplied on 2026-05-28; reconciled against Workstaff360, RemotePeople, Indeed/Payscale salary proxies, and Upwork virtual assistant/business-service pages. Sources: https://workstaff360.com/average-salary-in-pakistan/ | https://www.upwork.com/hire/virtual-assistants/pk/ | https://remotepeople.com/countries/pakistan/average-salary/",2026-05-28
project-management,Project Management,Business Services,remote,senior,foreign,8680,14000,22680,31,50,81,3,66,"Normalized from GPT/Gemini/Kimi research supplied on 2026-05-28; reconciled against Workstaff360, RemotePeople, Indeed/Payscale salary proxies, and Upwork virtual assistant/business-service pages. Sources: https://workstaff360.com/average-salary-in-pakistan/ | https://www.upwork.com/hire/virtual-assistants/pk/ | https://remotepeople.com/countries/pakistan/average-salary/",2026-05-28
business-analysis,Business Analysis,Business Services,remote,junior,local,250,550,950,0.89,1.96,3.39,3,76,"Normalized from GPT/Gemini/Kimi research supplied on 2026-05-28; reconciled against Workstaff360, RemotePeople, Indeed/Payscale salary proxies, and Upwork virtual assistant/business-service pages. Sources: https://workstaff360.com/average-salary-in-pakistan/ | https://www.upwork.com/hire/virtual-assistants/pk/ | https://remotepeople.com/countries/pakistan/average-salary/",2026-05-28
business-analysis,Business Analysis,Business Services,remote,junior,foreign,1120,1960,3360,4,7,12,3,76,"Normalized from GPT/Gemini/Kimi research supplied on 2026-05-28; reconciled against Workstaff360, RemotePeople, Indeed/Payscale salary proxies, and Upwork virtual assistant/business-service pages. Sources: https://workstaff360.com/average-salary-in-pakistan/ | https://www.upwork.com/hire/virtual-assistants/pk/ | https://remotepeople.com/countries/pakistan/average-salary/",2026-05-28
business-analysis,Business Analysis,Business Services,remote,mid,local,950,1750,3050,3.39,6.25,10.89,3,76,"Normalized from GPT/Gemini/Kimi research supplied on 2026-05-28; reconciled against Workstaff360, RemotePeople, Indeed/Payscale salary proxies, and Upwork virtual assistant/business-service pages. Sources: https://workstaff360.com/average-salary-in-pakistan/ | https://www.upwork.com/hire/virtual-assistants/pk/ | https://remotepeople.com/countries/pakistan/average-salary/",2026-05-28
business-analysis,Business Analysis,Business Services,remote,mid,foreign,3360,5600,8960,12,20,32,3,76,"Normalized from GPT/Gemini/Kimi research supplied on 2026-05-28; reconciled against Workstaff360, RemotePeople, Indeed/Payscale salary proxies, and Upwork virtual assistant/business-service pages. Sources: https://workstaff360.com/average-salary-in-pakistan/ | https://www.upwork.com/hire/virtual-assistants/pk/ | https://remotepeople.com/countries/pakistan/average-salary/",2026-05-28
business-analysis,Business Analysis,Business Services,remote,senior,local,2850,4700,7650,10.18,16.79,27.32,3,76,"Normalized from GPT/Gemini/Kimi research supplied on 2026-05-28; reconciled against Workstaff360, RemotePeople, Indeed/Payscale salary proxies, and Upwork virtual assistant/business-service pages. Sources: https://workstaff360.com/average-salary-in-pakistan/ | https://www.upwork.com/hire/virtual-assistants/pk/ | https://remotepeople.com/countries/pakistan/average-salary/",2026-05-28
business-analysis,Business Analysis,Business Services,remote,senior,foreign,8680,13720,22120,31,49,79,3,76,"Normalized from GPT/Gemini/Kimi research supplied on 2026-05-28; reconciled against Workstaff360, RemotePeople, Indeed/Payscale salary proxies, and Upwork virtual assistant/business-service pages. Sources: https://workstaff360.com/average-salary-in-pakistan/ | https://www.upwork.com/hire/virtual-assistants/pk/ | https://remotepeople.com/countries/pakistan/average-salary/",2026-05-28
customer-support,Customer Support,Business Services,remote,junior,local,150,300,550,0.54,1.07,1.96,3,78,"Normalized from GPT/Gemini/Kimi research supplied on 2026-05-28; reconciled against Workstaff360, RemotePeople, Indeed/Payscale salary proxies, and Upwork virtual assistant/business-service pages. Sources: https://workstaff360.com/average-salary-in-pakistan/ | https://www.upwork.com/hire/virtual-assistants/pk/ | https://remotepeople.com/countries/pakistan/average-salary/",2026-05-28
customer-support,Customer Support,Business Services,remote,junior,foreign,560,1120,1960,2,4,7,3,78,"Normalized from GPT/Gemini/Kimi research supplied on 2026-05-28; reconciled against Workstaff360, RemotePeople, Indeed/Payscale salary proxies, and Upwork virtual assistant/business-service pages. Sources: https://workstaff360.com/average-salary-in-pakistan/ | https://www.upwork.com/hire/virtual-assistants/pk/ | https://remotepeople.com/countries/pakistan/average-salary/",2026-05-28
customer-support,Customer Support,Business Services,remote,mid,local,550,1050,1800,1.96,3.75,6.43,3,78,"Normalized from GPT/Gemini/Kimi research supplied on 2026-05-28; reconciled against Workstaff360, RemotePeople, Indeed/Payscale salary proxies, and Upwork virtual assistant/business-service pages. Sources: https://workstaff360.com/average-salary-in-pakistan/ | https://www.upwork.com/hire/virtual-assistants/pk/ | https://remotepeople.com/countries/pakistan/average-salary/",2026-05-28
customer-support,Customer Support,Business Services,remote,mid,foreign,1960,3360,5320,7,12,19,3,78,"Normalized from GPT/Gemini/Kimi research supplied on 2026-05-28; reconciled against Workstaff360, RemotePeople, Indeed/Payscale salary proxies, and Upwork virtual assistant/business-service pages. Sources: https://workstaff360.com/average-salary-in-pakistan/ | https://www.upwork.com/hire/virtual-assistants/pk/ | https://remotepeople.com/countries/pakistan/average-salary/",2026-05-28
customer-support,Customer Support,Business Services,remote,senior,local,1700,2800,4550,6.07,10,16.25,3,78,"Normalized from GPT/Gemini/Kimi research supplied on 2026-05-28; reconciled against Workstaff360, RemotePeople, Indeed/Payscale salary proxies, and Upwork virtual assistant/business-service pages. Sources: https://workstaff360.com/average-salary-in-pakistan/ | https://www.upwork.com/hire/virtual-assistants/pk/ | https://remotepeople.com/countries/pakistan/average-salary/",2026-05-28
customer-support,Customer Support,Business Services,remote,senior,foreign,5040,8120,13160,18,29,47,3,78,"Normalized from GPT/Gemini/Kimi research supplied on 2026-05-28; reconciled against Workstaff360, RemotePeople, Indeed/Payscale salary proxies, and Upwork virtual assistant/business-service pages. Sources: https://workstaff360.com/average-salary-in-pakistan/ | https://www.upwork.com/hire/virtual-assistants/pk/ | https://remotepeople.com/countries/pakistan/average-salary/",2026-05-28
hr-consulting,HR Consulting,Business Services,remote,junior,local,200,450,750,0.71,1.61,2.68,3,64,"Normalized from GPT/Gemini/Kimi research supplied on 2026-05-28; reconciled against Workstaff360, RemotePeople, Indeed/Payscale salary proxies, and Upwork virtual assistant/business-service pages. Sources: https://workstaff360.com/average-salary-in-pakistan/ | https://www.upwork.com/hire/virtual-assistants/pk/ | https://remotepeople.com/countries/pakistan/average-salary/",2026-05-28
hr-consulting,HR Consulting,Business Services,remote,junior,foreign,840,1680,3080,3,6,11,3,64,"Normalized from GPT/Gemini/Kimi research supplied on 2026-05-28; reconciled against Workstaff360, RemotePeople, Indeed/Payscale salary proxies, and Upwork virtual assistant/business-service pages. Sources: https://workstaff360.com/average-salary-in-pakistan/ | https://www.upwork.com/hire/virtual-assistants/pk/ | https://remotepeople.com/countries/pakistan/average-salary/",2026-05-28
hr-consulting,HR Consulting,Business Services,remote,mid,local,750,1450,2450,2.68,5.18,8.75,3,64,"Normalized from GPT/Gemini/Kimi research supplied on 2026-05-28; reconciled against Workstaff360, RemotePeople, Indeed/Payscale salary proxies, and Upwork virtual assistant/business-service pages. Sources: https://workstaff360.com/average-salary-in-pakistan/ | https://www.upwork.com/hire/virtual-assistants/pk/ | https://remotepeople.com/countries/pakistan/average-salary/",2026-05-28
hr-consulting,HR Consulting,Business Services,remote,mid,foreign,3080,4760,7560,11,17,27,3,64,"Normalized from GPT/Gemini/Kimi research supplied on 2026-05-28; reconciled against Workstaff360, RemotePeople, Indeed/Payscale salary proxies, and Upwork virtual assistant/business-service pages. Sources: https://workstaff360.com/average-salary-in-pakistan/ | https://www.upwork.com/hire/virtual-assistants/pk/ | https://remotepeople.com/countries/pakistan/average-salary/",2026-05-28
hr-consulting,HR Consulting,Business Services,remote,senior,local,2300,3800,6200,8.21,13.57,22.14,3,64,"Normalized from GPT/Gemini/Kimi research supplied on 2026-05-28; reconciled against Workstaff360, RemotePeople, Indeed/Payscale salary proxies, and Upwork virtual assistant/business-service pages. Sources: https://workstaff360.com/average-salary-in-pakistan/ | https://www.upwork.com/hire/virtual-assistants/pk/ | https://remotepeople.com/countries/pakistan/average-salary/",2026-05-28
hr-consulting,HR Consulting,Business Services,remote,senior,foreign,7280,11760,19040,26,42,68,3,64,"Normalized from GPT/Gemini/Kimi research supplied on 2026-05-28; reconciled against Workstaff360, RemotePeople, Indeed/Payscale salary proxies, and Upwork virtual assistant/business-service pages. Sources: https://workstaff360.com/average-salary-in-pakistan/ | https://www.upwork.com/hire/virtual-assistants/pk/ | https://remotepeople.com/countries/pakistan/average-salary/",2026-05-28
video-production,Video Production,Creative,remote,junior,local,350,800,1400,1.25,2.86,5,3,66,"Normalized from GPT/Gemini/Kimi research supplied on 2026-05-28; reconciled against Upwork Pakistan video/design pages, Twine-style project pricing, and local creative production proxies. Sources: https://www.upwork.com/hire/video-editors/pk/ | https://www.getharvest.com/calculators/hourly-rate-calculator-in-pakistan | https://skills360.com.pk/",2026-05-28
video-production,Video Production,Creative,remote,junior,foreign,1960,3920,6720,7,14,24,3,66,"Normalized from GPT/Gemini/Kimi research supplied on 2026-05-28; reconciled against Upwork Pakistan video/design pages, Twine-style project pricing, and local creative production proxies. Sources: https://www.upwork.com/hire/video-editors/pk/ | https://www.getharvest.com/calculators/hourly-rate-calculator-in-pakistan | https://skills360.com.pk/",2026-05-28
video-production,Video Production,Creative,remote,mid,local,1400,2550,4150,5,9.11,14.82,3,66,"Normalized from GPT/Gemini/Kimi research supplied on 2026-05-28; reconciled against Upwork Pakistan video/design pages, Twine-style project pricing, and local creative production proxies. Sources: https://www.upwork.com/hire/video-editors/pk/ | https://www.getharvest.com/calculators/hourly-rate-calculator-in-pakistan | https://skills360.com.pk/",2026-05-28
video-production,Video Production,Creative,remote,mid,foreign,6720,10640,16520,24,38,59,3,66,"Normalized from GPT/Gemini/Kimi research supplied on 2026-05-28; reconciled against Upwork Pakistan video/design pages, Twine-style project pricing, and local creative production proxies. Sources: https://www.upwork.com/hire/video-editors/pk/ | https://www.getharvest.com/calculators/hourly-rate-calculator-in-pakistan | https://skills360.com.pk/",2026-05-28
video-production,Video Production,Creative,remote,senior,local,4000,6300,9800,14.29,22.5,35,3,66,"Normalized from GPT/Gemini/Kimi research supplied on 2026-05-28; reconciled against Upwork Pakistan video/design pages, Twine-style project pricing, and local creative production proxies. Sources: https://www.upwork.com/hire/video-editors/pk/ | https://www.getharvest.com/calculators/hourly-rate-calculator-in-pakistan | https://skills360.com.pk/",2026-05-28
video-production,Video Production,Creative,remote,senior,foreign,14840,23240,34720,53,83,124,3,66,"Normalized from GPT/Gemini/Kimi research supplied on 2026-05-28; reconciled against Upwork Pakistan video/design pages, Twine-style project pricing, and local creative production proxies. Sources: https://www.upwork.com/hire/video-editors/pk/ | https://www.getharvest.com/calculators/hourly-rate-calculator-in-pakistan | https://skills360.com.pk/",2026-05-28
podcast-editing,Podcast Editing,Creative,remote,junior,local,250,650,1100,0.89,2.32,3.93,3,60,"Normalized from GPT/Gemini/Kimi research supplied on 2026-05-28; reconciled against Upwork Pakistan video/design pages, Twine-style project pricing, and local creative production proxies. Sources: https://www.upwork.com/hire/video-editors/pk/ | https://www.getharvest.com/calculators/hourly-rate-calculator-in-pakistan | https://skills360.com.pk/",2026-05-28
podcast-editing,Podcast Editing,Creative,remote,junior,foreign,1400,3080,5040,5,11,18,3,60,"Normalized from GPT/Gemini/Kimi research supplied on 2026-05-28; reconciled against Upwork Pakistan video/design pages, Twine-style project pricing, and local creative production proxies. Sources: https://www.upwork.com/hire/video-editors/pk/ | https://www.getharvest.com/calculators/hourly-rate-calculator-in-pakistan | https://skills360.com.pk/",2026-05-28
podcast-editing,Podcast Editing,Creative,remote,mid,local,1100,2000,3250,3.93,7.14,11.61,3,60,"Normalized from GPT/Gemini/Kimi research supplied on 2026-05-28; reconciled against Upwork Pakistan video/design pages, Twine-style project pricing, and local creative production proxies. Sources: https://www.upwork.com/hire/video-editors/pk/ | https://www.getharvest.com/calculators/hourly-rate-calculator-in-pakistan | https://skills360.com.pk/",2026-05-28
podcast-editing,Podcast Editing,Creative,remote,mid,foreign,5040,8120,12600,18,29,45,3,60,"Normalized from GPT/Gemini/Kimi research supplied on 2026-05-28; reconciled against Upwork Pakistan video/design pages, Twine-style project pricing, and local creative production proxies. Sources: https://www.upwork.com/hire/video-editors/pk/ | https://www.getharvest.com/calculators/hourly-rate-calculator-in-pakistan | https://skills360.com.pk/",2026-05-28
podcast-editing,Podcast Editing,Creative,remote,senior,local,3150,4950,7650,11.25,17.68,27.32,3,60,"Normalized from GPT/Gemini/Kimi research supplied on 2026-05-28; reconciled against Upwork Pakistan video/design pages, Twine-style project pricing, and local creative production proxies. Sources: https://www.upwork.com/hire/video-editors/pk/ | https://www.getharvest.com/calculators/hourly-rate-calculator-in-pakistan | https://skills360.com.pk/",2026-05-28
podcast-editing,Podcast Editing,Creative,remote,senior,foreign,11480,17640,26600,41,63,95,3,60,"Normalized from GPT/Gemini/Kimi research supplied on 2026-05-28; reconciled against Upwork Pakistan video/design pages, Twine-style project pricing, and local creative production proxies. Sources: https://www.upwork.com/hire/video-editors/pk/ | https://www.getharvest.com/calculators/hourly-rate-calculator-in-pakistan | https://skills360.com.pk/",2026-05-28
photography-edit,Photography Edit,Creative,remote,junior,local,250,550,1000,0.89,1.96,3.57,3,60,"Normalized from GPT/Gemini/Kimi research supplied on 2026-05-28; reconciled against Upwork Pakistan video/design pages, Twine-style project pricing, and local creative production proxies. Sources: https://www.upwork.com/hire/video-editors/pk/ | https://www.getharvest.com/calculators/hourly-rate-calculator-in-pakistan | https://skills360.com.pk/",2026-05-28
photography-edit,Photography Edit,Creative,remote,junior,foreign,1400,2800,4480,5,10,16,3,60,"Normalized from GPT/Gemini/Kimi research supplied on 2026-05-28; reconciled against Upwork Pakistan video/design pages, Twine-style project pricing, and local creative production proxies. Sources: https://www.upwork.com/hire/video-editors/pk/ | https://www.getharvest.com/calculators/hourly-rate-calculator-in-pakistan | https://skills360.com.pk/",2026-05-28
photography-edit,Photography Edit,Creative,remote,mid,local,1000,1800,2950,3.57,6.43,10.54,3,60,"Normalized from GPT/Gemini/Kimi research supplied on 2026-05-28; reconciled against Upwork Pakistan video/design pages, Twine-style project pricing, and local creative production proxies. Sources: https://www.upwork.com/hire/video-editors/pk/ | https://www.getharvest.com/calculators/hourly-rate-calculator-in-pakistan | https://skills360.com.pk/",2026-05-28
photography-edit,Photography Edit,Creative,remote,mid,foreign,4480,7280,11200,16,26,40,3,60,"Normalized from GPT/Gemini/Kimi research supplied on 2026-05-28; reconciled against Upwork Pakistan video/design pages, Twine-style project pricing, and local creative production proxies. Sources: https://www.upwork.com/hire/video-editors/pk/ | https://www.getharvest.com/calculators/hourly-rate-calculator-in-pakistan | https://skills360.com.pk/",2026-05-28
photography-edit,Photography Edit,Creative,remote,senior,local,2850,4500,6950,10.18,16.07,24.82,3,60,"Normalized from GPT/Gemini/Kimi research supplied on 2026-05-28; reconciled against Upwork Pakistan video/design pages, Twine-style project pricing, and local creative production proxies. Sources: https://www.upwork.com/hire/video-editors/pk/ | https://www.getharvest.com/calculators/hourly-rate-calculator-in-pakistan | https://skills360.com.pk/",2026-05-28
photography-edit,Photography Edit,Creative,remote,senior,foreign,10080,15680,23520,36,56,84,3,60,"Normalized from GPT/Gemini/Kimi research supplied on 2026-05-28; reconciled against Upwork Pakistan video/design pages, Twine-style project pricing, and local creative production proxies. Sources: https://www.upwork.com/hire/video-editors/pk/ | https://www.getharvest.com/calculators/hourly-rate-calculator-in-pakistan | https://skills360.com.pk/",2026-05-28
animation,Animation,Creative,remote,junior,local,350,850,1450,1.25,3.04,5.18,3,64,"Normalized from GPT/Gemini/Kimi research supplied on 2026-05-28; reconciled against Upwork Pakistan video/design pages, Twine-style project pricing, and local creative production proxies. Sources: https://www.upwork.com/hire/video-editors/pk/ | https://www.getharvest.com/calculators/hourly-rate-calculator-in-pakistan | https://skills360.com.pk/",2026-05-28
animation,Animation,Creative,remote,junior,foreign,2240,4200,7000,8,15,25,3,64,"Normalized from GPT/Gemini/Kimi research supplied on 2026-05-28; reconciled against Upwork Pakistan video/design pages, Twine-style project pricing, and local creative production proxies. Sources: https://www.upwork.com/hire/video-editors/pk/ | https://www.getharvest.com/calculators/hourly-rate-calculator-in-pakistan | https://skills360.com.pk/",2026-05-28
animation,Animation,Creative,remote,mid,local,1450,2650,4300,5.18,9.46,15.36,3,64,"Normalized from GPT/Gemini/Kimi research supplied on 2026-05-28; reconciled against Upwork Pakistan video/design pages, Twine-style project pricing, and local creative production proxies. Sources: https://www.upwork.com/hire/video-editors/pk/ | https://www.getharvest.com/calculators/hourly-rate-calculator-in-pakistan | https://skills360.com.pk/",2026-05-28
animation,Animation,Creative,remote,mid,foreign,7000,11200,17640,25,40,63,3,64,"Normalized from GPT/Gemini/Kimi research supplied on 2026-05-28; reconciled against Upwork Pakistan video/design pages, Twine-style project pricing, and local creative production proxies. Sources: https://www.upwork.com/hire/video-editors/pk/ | https://www.getharvest.com/calculators/hourly-rate-calculator-in-pakistan | https://skills360.com.pk/",2026-05-28
animation,Animation,Creative,remote,senior,local,4200,6600,10200,15,23.57,36.43,3,64,"Normalized from GPT/Gemini/Kimi research supplied on 2026-05-28; reconciled against Upwork Pakistan video/design pages, Twine-style project pricing, and local creative production proxies. Sources: https://www.upwork.com/hire/video-editors/pk/ | https://www.getharvest.com/calculators/hourly-rate-calculator-in-pakistan | https://skills360.com.pk/",2026-05-28
animation,Animation,Creative,remote,senior,foreign,15680,24640,36400,56,88,130,3,64,"Normalized from GPT/Gemini/Kimi research supplied on 2026-05-28; reconciled against Upwork Pakistan video/design pages, Twine-style project pricing, and local creative production proxies. Sources: https://www.upwork.com/hire/video-editors/pk/ | https://www.getharvest.com/calculators/hourly-rate-calculator-in-pakistan | https://skills360.com.pk/",2026-05-28
thumbnail-design,Thumbnail Design,Creative,remote,junior,local,250,550,900,0.89,1.96,3.21,3,60,"Normalized from GPT/Gemini/Kimi research supplied on 2026-05-28; reconciled against Upwork Pakistan video/design pages, Twine-style project pricing, and local creative production proxies. Sources: https://www.upwork.com/hire/video-editors/pk/ | https://www.getharvest.com/calculators/hourly-rate-calculator-in-pakistan | https://skills360.com.pk/",2026-05-28
thumbnail-design,Thumbnail Design,Creative,remote,junior,foreign,1400,2520,4200,5,9,15,3,60,"Normalized from GPT/Gemini/Kimi research supplied on 2026-05-28; reconciled against Upwork Pakistan video/design pages, Twine-style project pricing, and local creative production proxies. Sources: https://www.upwork.com/hire/video-editors/pk/ | https://www.getharvest.com/calculators/hourly-rate-calculator-in-pakistan | https://skills360.com.pk/",2026-05-28
thumbnail-design,Thumbnail Design,Creative,remote,mid,local,900,1650,2700,3.21,5.89,9.64,3,60,"Normalized from GPT/Gemini/Kimi research supplied on 2026-05-28; reconciled against Upwork Pakistan video/design pages, Twine-style project pricing, and local creative production proxies. Sources: https://www.upwork.com/hire/video-editors/pk/ | https://www.getharvest.com/calculators/hourly-rate-calculator-in-pakistan | https://skills360.com.pk/",2026-05-28
thumbnail-design,Thumbnail Design,Creative,remote,mid,foreign,4200,6720,10640,15,24,38,3,60,"Normalized from GPT/Gemini/Kimi research supplied on 2026-05-28; reconciled against Upwork Pakistan video/design pages, Twine-style project pricing, and local creative production proxies. Sources: https://www.upwork.com/hire/video-editors/pk/ | https://www.getharvest.com/calculators/hourly-rate-calculator-in-pakistan | https://skills360.com.pk/",2026-05-28
thumbnail-design,Thumbnail Design,Creative,remote,senior,local,2650,4150,6400,9.46,14.82,22.86,3,60,"Normalized from GPT/Gemini/Kimi research supplied on 2026-05-28; reconciled against Upwork Pakistan video/design pages, Twine-style project pricing, and local creative production proxies. Sources: https://www.upwork.com/hire/video-editors/pk/ | https://www.getharvest.com/calculators/hourly-rate-calculator-in-pakistan | https://skills360.com.pk/",2026-05-28
thumbnail-design,Thumbnail Design,Creative,remote,senior,foreign,9520,14840,22120,34,53,79,3,60,"Normalized from GPT/Gemini/Kimi research supplied on 2026-05-28; reconciled against Upwork Pakistan video/design pages, Twine-style project pricing, and local creative production proxies. Sources: https://www.upwork.com/hire/video-editors/pk/ | https://www.getharvest.com/calculators/hourly-rate-calculator-in-pakistan | https://skills360.com.pk/",2026-05-28
ad-creative,Ad Creative,Creative,remote,junior,local,300,700,1200,1.07,2.5,4.29,3,58,"Normalized from GPT/Gemini/Kimi research supplied on 2026-05-28; reconciled against Upwork Pakistan video/design pages, Twine-style project pricing, and local creative production proxies. Sources: https://www.upwork.com/hire/video-editors/pk/ | https://www.getharvest.com/calculators/hourly-rate-calculator-in-pakistan | https://skills360.com.pk/",2026-05-28
ad-creative,Ad Creative,Creative,remote,junior,foreign,1680,3640,5880,6,13,21,3,58,"Normalized from GPT/Gemini/Kimi research supplied on 2026-05-28; reconciled against Upwork Pakistan video/design pages, Twine-style project pricing, and local creative production proxies. Sources: https://www.upwork.com/hire/video-editors/pk/ | https://www.getharvest.com/calculators/hourly-rate-calculator-in-pakistan | https://skills360.com.pk/",2026-05-28
ad-creative,Ad Creative,Creative,remote,mid,local,1200,2200,3600,4.29,7.86,12.86,3,58,"Normalized from GPT/Gemini/Kimi research supplied on 2026-05-28; reconciled against Upwork Pakistan video/design pages, Twine-style project pricing, and local creative production proxies. Sources: https://www.upwork.com/hire/video-editors/pk/ | https://www.getharvest.com/calculators/hourly-rate-calculator-in-pakistan | https://skills360.com.pk/",2026-05-28
ad-creative,Ad Creative,Creative,remote,mid,foreign,5880,9520,14840,21,34,53,3,58,"Normalized from GPT/Gemini/Kimi research supplied on 2026-05-28; reconciled against Upwork Pakistan video/design pages, Twine-style project pricing, and local creative production proxies. Sources: https://www.upwork.com/hire/video-editors/pk/ | https://www.getharvest.com/calculators/hourly-rate-calculator-in-pakistan | https://skills360.com.pk/",2026-05-28
ad-creative,Ad Creative,Creative,remote,senior,local,3500,5500,8500,12.5,19.64,30.36,3,58,"Normalized from GPT/Gemini/Kimi research supplied on 2026-05-28; reconciled against Upwork Pakistan video/design pages, Twine-style project pricing, and local creative production proxies. Sources: https://www.upwork.com/hire/video-editors/pk/ | https://www.getharvest.com/calculators/hourly-rate-calculator-in-pakistan | https://skills360.com.pk/",2026-05-28
ad-creative,Ad Creative,Creative,remote,senior,foreign,13160,20720,30800,47,74,110,3,58,"Normalized from GPT/Gemini/Kimi research supplied on 2026-05-28; reconciled against Upwork Pakistan video/design pages, Twine-style project pricing, and local creative production proxies. Sources: https://www.upwork.com/hire/video-editors/pk/ | https://www.getharvest.com/calculators/hourly-rate-calculator-in-pakistan | https://skills360.com.pk/",2026-05-28
ai-prompt-engineering,AI Prompt Engineering,AI & Emerging,remote,junior,local,600,1200,1900,2.14,4.29,6.79,3,62,"Normalized from GPT/Gemini/Kimi research supplied on 2026-05-28; reconciled against Upwork Zapier/no-code/chatbot pages, Pakistan developer salary proxies, and AI workflow market signals. Confidence intentionally capped because many inputs are proxy estimates. Sources: https://www.upwork.com/hire/zapier-developers/ | https://www.upwork.com/hire/no-code-developers/ | https://www.upwork.com/hire/chatbot-developers/",2026-05-28
ai-prompt-engineering,AI Prompt Engineering,AI & Emerging,remote,junior,foreign,3360,5880,9240,12,21,33,3,62,"Normalized from GPT/Gemini/Kimi research supplied on 2026-05-28; reconciled against Upwork Zapier/no-code/chatbot pages, Pakistan developer salary proxies, and AI workflow market signals. Confidence intentionally capped because many inputs are proxy estimates. Sources: https://www.upwork.com/hire/zapier-developers/ | https://www.upwork.com/hire/no-code-developers/ | https://www.upwork.com/hire/chatbot-developers/",2026-05-28
ai-prompt-engineering,AI Prompt Engineering,AI & Emerging,remote,mid,local,1900,3300,5300,6.79,11.79,18.93,3,62,"Normalized from GPT/Gemini/Kimi research supplied on 2026-05-28; reconciled against Upwork Zapier/no-code/chatbot pages, Pakistan developer salary proxies, and AI workflow market signals. Confidence intentionally capped because many inputs are proxy estimates. Sources: https://www.upwork.com/hire/zapier-developers/ | https://www.upwork.com/hire/no-code-developers/ | https://www.upwork.com/hire/chatbot-developers/",2026-05-28
ai-prompt-engineering,AI Prompt Engineering,AI & Emerging,remote,mid,foreign,8400,13160,19880,30,47,71,3,62,"Normalized from GPT/Gemini/Kimi research supplied on 2026-05-28; reconciled against Upwork Zapier/no-code/chatbot pages, Pakistan developer salary proxies, and AI workflow market signals. Confidence intentionally capped because many inputs are proxy estimates. Sources: https://www.upwork.com/hire/zapier-developers/ | https://www.upwork.com/hire/no-code-developers/ | https://www.upwork.com/hire/chatbot-developers/",2026-05-28
ai-prompt-engineering,AI Prompt Engineering,AI & Emerging,remote,senior,local,4700,7650,11200,16.79,27.32,40,3,62,"Normalized from GPT/Gemini/Kimi research supplied on 2026-05-28; reconciled against Upwork Zapier/no-code/chatbot pages, Pakistan developer salary proxies, and AI workflow market signals. Confidence intentionally capped because many inputs are proxy estimates. Sources: https://www.upwork.com/hire/zapier-developers/ | https://www.upwork.com/hire/no-code-developers/ | https://www.upwork.com/hire/chatbot-developers/",2026-05-28
ai-prompt-engineering,AI Prompt Engineering,AI & Emerging,remote,senior,foreign,14840,23240,33040,53,83,118,3,62,"Normalized from GPT/Gemini/Kimi research supplied on 2026-05-28; reconciled against Upwork Zapier/no-code/chatbot pages, Pakistan developer salary proxies, and AI workflow market signals. Confidence intentionally capped because many inputs are proxy estimates. Sources: https://www.upwork.com/hire/zapier-developers/ | https://www.upwork.com/hire/no-code-developers/ | https://www.upwork.com/hire/chatbot-developers/",2026-05-28
chatbot-development,Chatbot Development,AI & Emerging,remote,junior,local,700,1350,2150,2.5,4.82,7.68,3,62,"Normalized from GPT/Gemini/Kimi research supplied on 2026-05-28; reconciled against Upwork Zapier/no-code/chatbot pages, Pakistan developer salary proxies, and AI workflow market signals. Confidence intentionally capped because many inputs are proxy estimates. Sources: https://www.upwork.com/hire/zapier-developers/ | https://www.upwork.com/hire/no-code-developers/ | https://www.upwork.com/hire/chatbot-developers/",2026-05-28
chatbot-development,Chatbot Development,AI & Emerging,remote,junior,foreign,3920,6720,9800,14,24,35,3,62,"Normalized from GPT/Gemini/Kimi research supplied on 2026-05-28; reconciled against Upwork Zapier/no-code/chatbot pages, Pakistan developer salary proxies, and AI workflow market signals. Confidence intentionally capped because many inputs are proxy estimates. Sources: https://www.upwork.com/hire/zapier-developers/ | https://www.upwork.com/hire/no-code-developers/ | https://www.upwork.com/hire/chatbot-developers/",2026-05-28
chatbot-development,Chatbot Development,AI & Emerging,remote,mid,local,2150,3800,6100,7.68,13.57,21.79,3,62,"Normalized from GPT/Gemini/Kimi research supplied on 2026-05-28; reconciled against Upwork Zapier/no-code/chatbot pages, Pakistan developer salary proxies, and AI workflow market signals. Confidence intentionally capped because many inputs are proxy estimates. Sources: https://www.upwork.com/hire/zapier-developers/ | https://www.upwork.com/hire/no-code-developers/ | https://www.upwork.com/hire/chatbot-developers/",2026-05-28
chatbot-development,Chatbot Development,AI & Emerging,remote,mid,foreign,9520,15120,22400,34,54,80,3,62,"Normalized from GPT/Gemini/Kimi research supplied on 2026-05-28; reconciled against Upwork Zapier/no-code/chatbot pages, Pakistan developer salary proxies, and AI workflow market signals. Confidence intentionally capped because many inputs are proxy estimates. Sources: https://www.upwork.com/hire/zapier-developers/ | https://www.upwork.com/hire/no-code-developers/ | https://www.upwork.com/hire/chatbot-developers/",2026-05-28
chatbot-development,Chatbot Development,AI & Emerging,remote,senior,local,5400,8800,12850,19.29,31.43,45.89,3,62,"Normalized from GPT/Gemini/Kimi research supplied on 2026-05-28; reconciled against Upwork Zapier/no-code/chatbot pages, Pakistan developer salary proxies, and AI workflow market signals. Confidence intentionally capped because many inputs are proxy estimates. Sources: https://www.upwork.com/hire/zapier-developers/ | https://www.upwork.com/hire/no-code-developers/ | https://www.upwork.com/hire/chatbot-developers/",2026-05-28
chatbot-development,Chatbot Development,AI & Emerging,remote,senior,foreign,17080,26600,37800,61,95,135,3,62,"Normalized from GPT/Gemini/Kimi research supplied on 2026-05-28; reconciled against Upwork Zapier/no-code/chatbot pages, Pakistan developer salary proxies, and AI workflow market signals. Confidence intentionally capped because many inputs are proxy estimates. Sources: https://www.upwork.com/hire/zapier-developers/ | https://www.upwork.com/hire/no-code-developers/ | https://www.upwork.com/hire/chatbot-developers/",2026-05-28
ai-content-creation,AI Content Creation,AI & Emerging,remote,junior,local,450,900,1450,1.61,3.21,5.18,3,55,"Normalized from GPT/Gemini/Kimi research supplied on 2026-05-28; reconciled against Upwork Zapier/no-code/chatbot pages, Pakistan developer salary proxies, and AI workflow market signals. Confidence intentionally capped because many inputs are proxy estimates. Sources: https://www.upwork.com/hire/zapier-developers/ | https://www.upwork.com/hire/no-code-developers/ | https://www.upwork.com/hire/chatbot-developers/",2026-05-28
ai-content-creation,AI Content Creation,AI & Emerging,remote,junior,foreign,2520,4480,7000,9,16,25,3,55,"Normalized from GPT/Gemini/Kimi research supplied on 2026-05-28; reconciled against Upwork Zapier/no-code/chatbot pages, Pakistan developer salary proxies, and AI workflow market signals. Confidence intentionally capped because many inputs are proxy estimates. Sources: https://www.upwork.com/hire/zapier-developers/ | https://www.upwork.com/hire/no-code-developers/ | https://www.upwork.com/hire/chatbot-developers/",2026-05-28
ai-content-creation,AI Content Creation,AI & Emerging,remote,mid,local,1450,2500,4050,5.18,8.93,14.46,3,55,"Normalized from GPT/Gemini/Kimi research supplied on 2026-05-28; reconciled against Upwork Zapier/no-code/chatbot pages, Pakistan developer salary proxies, and AI workflow market signals. Confidence intentionally capped because many inputs are proxy estimates. Sources: https://www.upwork.com/hire/zapier-developers/ | https://www.upwork.com/hire/no-code-developers/ | https://www.upwork.com/hire/chatbot-developers/",2026-05-28
ai-content-creation,AI Content Creation,AI & Emerging,remote,mid,foreign,6440,10080,15120,23,36,54,3,55,"Normalized from GPT/Gemini/Kimi research supplied on 2026-05-28; reconciled against Upwork Zapier/no-code/chatbot pages, Pakistan developer salary proxies, and AI workflow market signals. Confidence intentionally capped because many inputs are proxy estimates. Sources: https://www.upwork.com/hire/zapier-developers/ | https://www.upwork.com/hire/no-code-developers/ | https://www.upwork.com/hire/chatbot-developers/",2026-05-28
ai-content-creation,AI Content Creation,AI & Emerging,remote,senior,local,3600,5850,8550,12.86,20.89,30.54,3,55,"Normalized from GPT/Gemini/Kimi research supplied on 2026-05-28; reconciled against Upwork Zapier/no-code/chatbot pages, Pakistan developer salary proxies, and AI workflow market signals. Confidence intentionally capped because many inputs are proxy estimates. Sources: https://www.upwork.com/hire/zapier-developers/ | https://www.upwork.com/hire/no-code-developers/ | https://www.upwork.com/hire/chatbot-developers/",2026-05-28
ai-content-creation,AI Content Creation,AI & Emerging,remote,senior,foreign,11480,17640,25200,41,63,90,3,55,"Normalized from GPT/Gemini/Kimi research supplied on 2026-05-28; reconciled against Upwork Zapier/no-code/chatbot pages, Pakistan developer salary proxies, and AI workflow market signals. Confidence intentionally capped because many inputs are proxy estimates. Sources: https://www.upwork.com/hire/zapier-developers/ | https://www.upwork.com/hire/no-code-developers/ | https://www.upwork.com/hire/chatbot-developers/",2026-05-28
automation-zapier-make,Automation (Zapier/Make),AI & Emerging,remote,junior,local,500,1000,1600,1.79,3.57,5.71,3,66,"Normalized from GPT/Gemini/Kimi research supplied on 2026-05-28; reconciled against Upwork Zapier/no-code/chatbot pages, Pakistan developer salary proxies, and AI workflow market signals. Confidence intentionally capped because many inputs are proxy estimates. Sources: https://www.upwork.com/hire/zapier-developers/ | https://www.upwork.com/hire/no-code-developers/ | https://www.upwork.com/hire/chatbot-developers/",2026-05-28
automation-zapier-make,Automation (Zapier/Make),AI & Emerging,remote,junior,foreign,2800,5040,7840,10,18,28,3,66,"Normalized from GPT/Gemini/Kimi research supplied on 2026-05-28; reconciled against Upwork Zapier/no-code/chatbot pages, Pakistan developer salary proxies, and AI workflow market signals. Confidence intentionally capped because many inputs are proxy estimates. Sources: https://www.upwork.com/hire/zapier-developers/ | https://www.upwork.com/hire/no-code-developers/ | https://www.upwork.com/hire/chatbot-developers/",2026-05-28
automation-zapier-make,Automation (Zapier/Make),AI & Emerging,remote,mid,local,1600,2800,4500,5.71,10,16.07,3,66,"Normalized from GPT/Gemini/Kimi research supplied on 2026-05-28; reconciled against Upwork Zapier/no-code/chatbot pages, Pakistan developer salary proxies, and AI workflow market signals. Confidence intentionally capped because many inputs are proxy estimates. Sources: https://www.upwork.com/hire/zapier-developers/ | https://www.upwork.com/hire/no-code-developers/ | https://www.upwork.com/hire/chatbot-developers/",2026-05-28
automation-zapier-make,Automation (Zapier/Make),AI & Emerging,remote,mid,foreign,7000,11200,16800,25,40,60,3,66,"Normalized from GPT/Gemini/Kimi research supplied on 2026-05-28; reconciled against Upwork Zapier/no-code/chatbot pages, Pakistan developer salary proxies, and AI workflow market signals. Confidence intentionally capped because many inputs are proxy estimates. Sources: https://www.upwork.com/hire/zapier-developers/ | https://www.upwork.com/hire/no-code-developers/ | https://www.upwork.com/hire/chatbot-developers/",2026-05-28
automation-zapier-make,Automation (Zapier/Make),AI & Emerging,remote,senior,local,4000,6500,9500,14.29,23.21,33.93,3,66,"Normalized from GPT/Gemini/Kimi research supplied on 2026-05-28; reconciled against Upwork Zapier/no-code/chatbot pages, Pakistan developer salary proxies, and AI workflow market signals. Confidence intentionally capped because many inputs are proxy estimates. Sources: https://www.upwork.com/hire/zapier-developers/ | https://www.upwork.com/hire/no-code-developers/ | https://www.upwork.com/hire/chatbot-developers/",2026-05-28
automation-zapier-make,Automation (Zapier/Make),AI & Emerging,remote,senior,foreign,12600,19600,28000,45,70,100,3,66,"Normalized from GPT/Gemini/Kimi research supplied on 2026-05-28; reconciled against Upwork Zapier/no-code/chatbot pages, Pakistan developer salary proxies, and AI workflow market signals. Confidence intentionally capped because many inputs are proxy estimates. Sources: https://www.upwork.com/hire/zapier-developers/ | https://www.upwork.com/hire/no-code-developers/ | https://www.upwork.com/hire/chatbot-developers/",2026-05-28
no-code-development,No-Code Development,AI & Emerging,remote,junior,local,500,950,1500,1.79,3.39,5.36,3,60,"Normalized from GPT/Gemini/Kimi research supplied on 2026-05-28; reconciled against Upwork Zapier/no-code/chatbot pages, Pakistan developer salary proxies, and AI workflow market signals. Confidence intentionally capped because many inputs are proxy estimates. Sources: https://www.upwork.com/hire/zapier-developers/ | https://www.upwork.com/hire/no-code-developers/ | https://www.upwork.com/hire/chatbot-developers/",2026-05-28
no-code-development,No-Code Development,AI & Emerging,remote,junior,foreign,2800,4760,7560,10,17,27,3,60,"Normalized from GPT/Gemini/Kimi research supplied on 2026-05-28; reconciled against Upwork Zapier/no-code/chatbot pages, Pakistan developer salary proxies, and AI workflow market signals. Confidence intentionally capped because many inputs are proxy estimates. Sources: https://www.upwork.com/hire/zapier-developers/ | https://www.upwork.com/hire/no-code-developers/ | https://www.upwork.com/hire/chatbot-developers/",2026-05-28
no-code-development,No-Code Development,AI & Emerging,remote,mid,local,1500,2650,4300,5.36,9.46,15.36,3,60,"Normalized from GPT/Gemini/Kimi research supplied on 2026-05-28; reconciled against Upwork Zapier/no-code/chatbot pages, Pakistan developer salary proxies, and AI workflow market signals. Confidence intentionally capped because many inputs are proxy estimates. Sources: https://www.upwork.com/hire/zapier-developers/ | https://www.upwork.com/hire/no-code-developers/ | https://www.upwork.com/hire/chatbot-developers/",2026-05-28
no-code-development,No-Code Development,AI & Emerging,remote,mid,foreign,6720,10640,15960,24,38,57,3,60,"Normalized from GPT/Gemini/Kimi research supplied on 2026-05-28; reconciled against Upwork Zapier/no-code/chatbot pages, Pakistan developer salary proxies, and AI workflow market signals. Confidence intentionally capped because many inputs are proxy estimates. Sources: https://www.upwork.com/hire/zapier-developers/ | https://www.upwork.com/hire/no-code-developers/ | https://www.upwork.com/hire/chatbot-developers/",2026-05-28
no-code-development,No-Code Development,AI & Emerging,remote,senior,local,3800,6200,9050,13.57,22.14,32.32,3,60,"Normalized from GPT/Gemini/Kimi research supplied on 2026-05-28; reconciled against Upwork Zapier/no-code/chatbot pages, Pakistan developer salary proxies, and AI workflow market signals. Confidence intentionally capped because many inputs are proxy estimates. Sources: https://www.upwork.com/hire/zapier-developers/ | https://www.upwork.com/hire/no-code-developers/ | https://www.upwork.com/hire/chatbot-developers/",2026-05-28
no-code-development,No-Code Development,AI & Emerging,remote,senior,foreign,12040,18760,26600,43,67,95,3,60,"Normalized from GPT/Gemini/Kimi research supplied on 2026-05-28; reconciled against Upwork Zapier/no-code/chatbot pages, Pakistan developer salary proxies, and AI workflow market signals. Confidence intentionally capped because many inputs are proxy estimates. Sources: https://www.upwork.com/hire/zapier-developers/ | https://www.upwork.com/hire/no-code-developers/ | https://www.upwork.com/hire/chatbot-developers/",2026-05-28